NUM_REMITO,FECHA_PESAJE,COD_CC,VARIEDAD,FINCA,KG_BRUTO,KG_TARA,KG_NETO,BRIX,LTS_MOSTO,ESTADO_SANIDAD
REM-2025-00001, 2025-02-01 ,CC-101, SYRAH ,Finca Barrancas,23210,8749,,"25,6",10534.5, BUENA 
REM-2025-00002,2025-02-01,CC-102,Malbec,Finca Agrelo,19875,9787,10088.0,"22,7",7162.2,Buena
REM-2025-00003,2025-02-01,CC-101,Cabernet Franc,Finca Gualtallary,26240,9075,17165.0,23.6,12503.1,Optima
REM-2025-00004,2025-02-02,CC-102,Cabernet Franc,Finca Agrelo,28372,10833,17539.0,"25,1",12012.2, BUENA 
REM-2025-00005,2025/02/02, CC-102 , CABERNET FRANC ,Finca Barrancas,25645,8478,17167.0,23.7,11946.6, BUENA 
REM-2025-00006,2025-02-02, CC-102 ,Syrah,Finca Agrelo,20735,9323,11412.0,"25,7",7872.0, BUENA 
REM-2025-00007,2025/02/02, CC-101 ,Chardonnay,Finca Barrancas,18821,8162,10659.0,24.5,7583.4, BUENA 
REM_00008,2025-02-03,CC-102,Bonarda, Finca Barrancas ,19932,10728,9204.0,"23,6",6761.6,Optima
REM-2025-00009,2025-02-03, CC-102 ,Bonarda,Finca Agrelo,31403,10228,21175.0,23.0,15342.1,
 rem/00010 ,03/02/2025,CC-102,Bonarda,Finca Barrancas,21933,10540,,22.7,7923.2,Buena
REM-2025-00011,03/02/2025, CC-101 ,Syrah,Finca Agrelo,31737,9582,22155.0,"23,5",15577.3, BUENA 
REM-2025-00012,2025-02-04,CC-101,Chardonnay,Finca Agrelo,22566,8987,13579.0,"24,9",9914.0,Buena
REM-2025-00013,04/02/2025, CC-101 ,Chardonnay,Finca Gualtallary,24297,10607,13690.0,"23,0",9913.7,Optima
 rem/00014 ,2025-02-04,CC-101,Syrah,Finca Altamira,26540,8181,,25.1,12859.7,optima
REM-2025-00015,2025-02-04, CC-102 ,bonarda,Finca Gualtallary,31059,10941,,23.6,14017.2,optima
REM-2025-00016,2025-02-05, CC-101 ,Malbec,Finca Altamira,20419,10144,10275.0,26.5,7033.2,
REM_00017,05/02/2025,CC-101,Chardonnay,Finca Barrancas,29232,10068,,24.1,13431.4, BUENA 
REM-2025-00018,2025/02/05, CC-101 ,bonarda,Finca Barrancas,22161,10650,11511.0,22.9,8297.8,optima
 rem/00019 ,2025-02-05,CC-101,Bonarda,Finca Barrancas,28362,9728,18634.0,"24,6",13274.0,optima
REM_00020,2025-02-06, CC-102 ,syrah,Finca Altamira,21483,10662,10821.0,25.6,7846.4, BUENA 
REM_00021,06/02/2025,CC-102, CHARDONNAY ,Finca Barrancas,26787,9986,16801.0,"23,4",11522.5, BUENA 
REM-2025-00022,06/02/2025, CC-101 ,Chardonnay,Finca Agrelo,30413,8491,21922.0,"24,9",15992.1,Buena
REM_00023,2025/02/06, CC-101 , BONARDA ,Finca Barrancas,20824,10305,10519.0,24.4,7647.9,Buena
REM-2025-00024, 07/02/2025 ,CC-101,Bonarda,Finca Gualtallary,21185,10723,10462.0,"24,6",7155.6,optima
 rem/00025 ,07/02/2025, CC-101 ,Syrah,Finca Gualtallary,21055,8688,12367.0,"26,4",8900.6,optima
REM-2025-00026,2025-02-07, CC-102 , MALBEC , Finca Barrancas ,23820,10004,13816.0,"25,1",9987.9,Buena
 rem/00027 ,2025-02-07,CC-102,malbec,Finca Barrancas,20283,9607,,23.9,7686.9,Buena
REM_00028,2025-02-08, CC-102 ,Syrah,Finca Barrancas,24799,9280,15519.0,22.5,10683.0,Buena
 rem/00029 ,2025-02-08, CC-101 ,chardonnay, Finca Agrelo ,22958,8524,14434.0,24.3,10212.9,
REM-2025-00030,2025/02/08, CC-102 ,cabernet franc,Finca Altamira,18148,8437,,25.4,6895.4,Buena
 rem/00031 ,08/02/2025,CC-102, MALBEC ,Finca Barrancas,30093,8357,21736.0,"25,9",15924.4,Optima
REM-2025-00032,09/02/2025,CC-102,Chardonnay,Finca Agrelo,20823,9632,11191.0,24.7,7739.1,optima
REM-2025-00033,09/02/2025, CC-102 ,Chardonnay,Finca Barrancas,26391,8370,18021.0,25.0,12281.3,
REM-2025-00034,09/02/2025, CC-101 ,Bonarda, Finca Agrelo ,30535,8787,21748.0,"24,6",15579.1, BUENA 
REM_00035,09/02/2025,CC-101,syrah,Finca Gualtallary,27713,9272,18441.0,24.6,13184.4,optima
REM-2025-00036,2025/02/10, CC-102 ,Syrah,Finca Barrancas,23785,9417,14368.0,24.8,9931.1,Optima
 rem/00037 ,2025-02-10, CC-101 , CABERNET FRANC ,Finca Barrancas,25532,10933,,24.1,10757.5,optima
 rem/00038 ,2025-02-10,CC-102,Cabernet Franc,Finca Gualtallary,31736,8847,22889.0,"24,6",15714.9,optima
 rem/00039 ,2025/02/10,CC-102,syrah,Finca Barrancas,30446,10061,20385.0,"26,5",14523.9,Buena
REM-2025-00040,2025/02/11, CC-101 ,bonarda,Finca Altamira,21320,10558,10762.0,26.5,7942.3,Optima
REM-2025-00041,2025-02-11,CC-101, SYRAH , Finca Agrelo ,19564,9840,,"25,0",6951.2,optima
REM-2025-00042,2025-02-11,CC-102,bonarda,Finca Altamira,18726,9244,9482.0,25.2,6564.9,Buena
REM-2025-00043, 11/02/2025 ,CC-102,cabernet franc,Finca Gualtallary,30963,10920,20043.0,"23,0",13785.4,Buena
 rem/00044 ,12/02/2025, CC-102 ,chardonnay,Finca Gualtallary,28776,9908,18868.0,25.0,12917.9,
REM-2025-00045, 2025-02-12 , CC-102 , CABERNET FRANC ,Finca Barrancas,29689,8947,20742.0,23.9,14513.5,Buena
REM-2025-00046,2025/02/12,CC-102, MALBEC ,Finca Altamira,26828,8313,,"25,0",13458.3,optima
REM-2025-00047,12/02/2025,CC-102,Syrah,Finca Agrelo,31393,9025,,"22,7",16213.5,Optima
 rem/00048 ,13/02/2025,CC-101,Cabernet Franc,Finca Barrancas,22631,9391,13240.0,23.7,9018.4, BUENA 
REM-2025-00049,13/02/2025, CC-102 ,cabernet franc,Finca Gualtallary,24906,9920,14986.0,22.6,11048.2,Optima
REM-2025-00050,2025/02/13, CC-102 ,Chardonnay, Finca Agrelo ,30392,10542,19850.0,"25,7",14420.5, BUENA 
REM-2025-00051,2025-02-13, CC-101 ,Cabernet Franc,Finca Agrelo,23335,8981,14354.0,25.0,9802.1,Aceptable
REM_00052,2025-02-14, CC-101 , CABERNET FRANC ,Finca Altamira,20892,10496,10396.0,22.6,7643.9,Buena
REM-2025-00053, 14/02/2025 , CC-101 ,chardonnay,Finca Barrancas,19559,10587,8972.0,23.4,6213.0,
REM-2025-00054,2025-02-14,CC-102,Cabernet Franc,Finca Gualtallary,21642,10000,11642.0,23.5,8541.8,
REM-2025-00055,2025/02/14,CC-101, CABERNET FRANC ,Finca Altamira,19294,10808,8486.0,23.9,6194.5, BUENA 
REM-2025-00056,2025-02-15, CC-101 ,bonarda,Finca Altamira,27945,8114,,"26,1",14589.3,Buena
REM-2025-00057,15/02/2025, CC-102 ,malbec, Finca Barrancas ,20441,9098,11343.0,23.7,7913.9,Optima
REM_00058,2025/02/15, CC-102 ,malbec,Finca Altamira,29241,10225,19016.0,24.8,13218.8,
REM-2025-00059,15/02/2025,CC-102,bonarda,Finca Agrelo,30546,10054,20492.0,26.0,14176.4,Aceptable
REM-2025-00060,2025/02/16,CC-101,Cabernet Franc,Finca Barrancas,18175,9000,,"25,0",6361.8,optima
REM_00061,2025/02/16, CC-102 ,bonarda, Finca Gualtallary ,30563,10545,20018.0,25.2,13840.7,Optima
REM-2025-00062,16/02/2025,CC-102, MALBEC ,Finca Gualtallary,19356,10103,9253.0,"22,8",6746.3,Optima
REM-2025-00063,2025-02-16, CC-102 ,cabernet franc, Finca Agrelo ,20083,10040,,24.8,7139.4,Aceptable
REM-2025-00064,2025/02/17, CC-102 ,malbec, Finca Gualtallary ,20642,9600,11042.0,22.9,7789.1,Optima
REM-2025-00065,2025-02-17,CC-102, BONARDA ,Finca Gualtallary,21799,8618,13181.0,"25,4",9627.4,
REM-2025-00066,2025/02/17,CC-102,Syrah,Finca Altamira,31667,9699,,22.8,15250.4,Buena
REM-2025-00067,2025/02/17, CC-101 , CHARDONNAY ,Finca Barrancas,25633,10481,15152.0,"23,0",10636.0,
REM-2025-00068,2025/02/18,CC-102,Bonarda, Finca Gualtallary ,20113,9044,11069.0,23.4,7563.2,Buena
 rem/00069 ,18/02/2025, CC-102 ,Syrah,Finca Barrancas,19582,10086,9496.0,"22,9",6555.4,Aceptable
REM-2025-00070,18/02/2025, CC-102 , CABERNET FRANC ,Finca Barrancas,31072,9211,,24.8,15957.3,Optima
REM-2025-00071, 18/02/2025 ,CC-102,chardonnay,Finca Gualtallary,24093,10608,13485.0,"23,2",9729.5, BUENA 
 rem/00072 ,19/02/2025, CC-102 , MALBEC ,Finca Barrancas,18237,10957,7280.0,26.4,5380.9,
REM-2025-00073,2025-02-19, CC-101 , MALBEC ,Finca Altamira,29110,9977,19133.0,23.5,13927.2, BUENA 
REM-2025-00074,19/02/2025,CC-102,Chardonnay,Finca Gualtallary,18754,10258,8496.0,"25,9",6193.8,
REM-2025-00075,19/02/2025, CC-101 ,bonarda,Finca Gualtallary,23507,8139,15368.0,24.5,10651.0,Optima
REM-2025-00076,20/02/2025,CC-101,syrah,Finca Agrelo,23131,9890,13241.0,24.8,9082.0,Aceptable
REM_00077,2025/02/20,CC-101,chardonnay,Finca Barrancas,28271,9872,18399.0,26.3,12775.5,Buena
REM-2025-00078,2025-02-20, CC-101 ,chardonnay,Finca Agrelo,27648,8928,18720.0,24.4,13713.2,Buena
REM-2025-00079,2025-02-20, CC-102 ,Syrah,Finca Gualtallary,27244,10509,16735.0,"23,9",11696.8,optima
REM_00080,2025-02-21, CC-102 ,Syrah,Finca Agrelo,18681,10204,8477.0,25.2,5916.7, BUENA 
 rem/00081 ,2025/02/21,CC-101,Bonarda,Finca Gualtallary,31041,9464,21577.0,22.9,15835.1,Optima
REM-2025-00082,2025/02/21, CC-102 , BONARDA ,Finca Gualtallary,18074,9293,8781.0,26.4,6428.7,optima
 rem/00083 ,21/02/2025, CC-101 , CABERNET FRANC ,Finca Agrelo,31161,8319,22842.0,22.7,16326.9,optima
REM-2025-00084,22/02/2025, CC-102 ,Chardonnay,Finca Gualtallary,27747,10617,17130.0,"22,5",12476.3,Aceptable
 rem/00085 ,22/02/2025,CC-102, CHARDONNAY ,Finca Gualtallary,26652,10755,15897.0,"24,2",11457.5,optima
REM_00086,2025/02/22, CC-102 , CHARDONNAY ,Finca Altamira,19075,8519,,"24,5",7681.7,Aceptable
REM-2025-00087,2025/02/22, CC-101 ,Chardonnay,Finca Gualtallary,31892,8926,22966.0,23.9,15702.0,optima
 rem/00088 ,2025/02/23, CC-102 ,bonarda,Finca Agrelo,25456,8578,16878.0,"22,9",11752.2,Aceptable
REM-2025-00089,2025-02-23,CC-102,Bonarda,Finca Agrelo,22569,10744,11825.0,23.5,8106.6, BUENA 
REM-2025-00090,23/02/2025, CC-102 ,Malbec,Finca Gualtallary,30673,8061,22612.0,24.2,16074.3,Optima
REM_00091,2025/02/23, CC-101 , CHARDONNAY , Finca Altamira ,29954,9164,20790.0,"26,1",14309.0, BUENA 
REM-2025-00092,2025/02/24,CC-101, CABERNET FRANC , Finca Altamira ,18470,9416,9054.0,22.6,6234.7,Optima
REM-2025-00093,24/02/2025,CC-101,Cabernet Franc, Finca Barrancas ,26363,10623,15740.0,"25,4",11446.0,
REM_00094,24/02/2025,CC-101, BONARDA ,Finca Barrancas,28591,8977,19614.0,23.7,13906.1,Aceptable
REM_00095,2025/02/24,CC-102,chardonnay,Finca Altamira,19129,10859,8270.0,24.9,6111.7,optima
REM-2025-00096,2025-02-25,CC-102, SYRAH ,Finca Agrelo,21454,10008,11446.0,"25,5",8126.7,
REM-2025-00097,2025-02-25,CC-101,cabernet franc,Finca Gualtallary,19790,9477,10313.0,"24,8",7198.4,Aceptable
REM-2025-00098,2025/02/25, CC-101 ,Cabernet Franc,Finca Altamira,27730,10073,17657.0,25.0,12916.7,
REM-2025-00099,2025/02/25,CC-102,Bonarda, Finca Gualtallary ,23317,8810,14507.0,"24,1",10640.3,optima
REM-2025-00100,2025/02/26, CC-102 ,Malbec,Finca Barrancas,28955,10032,18923.0,25.4,13150.1,Aceptable
 rem/00101 ,2025/02/26,CC-102, CHARDONNAY ,Finca Barrancas,31665,10705,20960.0,23.1,14370.5,Buena
REM-2025-00102,26/02/2025,CC-101,malbec,Finca Gualtallary,23677,8555,15122.0,26.0,10497.5,Optima
REM-2025-00103,2025/02/26,CC-102, SYRAH ,Finca Agrelo,21697,8490,13207.0,"25,4",9234.3,Aceptable
 rem/00104 ,2025-02-27,CC-101,Chardonnay,Finca Altamira,27479,9633,17846.0,23.2,13162.9, BUENA 
 rem/00105 ,2025-02-27,CC-102, SYRAH , Finca Agrelo ,22376,9298,13078.0,24.1,9491.2,optima
REM-2025-00106,27/02/2025, CC-102 ,cabernet franc, Finca Barrancas ,22423,10258,12165.0,"22,5",8286.8,optima
REM-2025-00107,2025-02-27, CC-102 ,Bonarda,Finca Agrelo,20073,10074,,24.3,7110.1,Aceptable
 rem/00108 ,28/02/2025,CC-102,Syrah,Finca Agrelo,24825,10460,14365.0,24.2,10387.1,Optima
REM-2025-00109,2025-02-28, CC-102 , SYRAH ,Finca Agrelo,26146,8228,17918.0,"25,4",12434.8,
REM-2025-00110,2025-02-28,CC-101,Cabernet Franc,Finca Barrancas,22886,8523,14363.0,"23,9",10146.2, BUENA 
REM_00111,2025-02-28, CC-101 ,Chardonnay,Finca Gualtallary,28100,9305,18795.0,"24,9",13613.9, BUENA 
REM-2025-00112,2025/03/01, CC-101 , CABERNET FRANC , Finca Altamira ,29675,10720,18955.0,24.7,12949.6,Optima
REM-2025-00113,2025-03-01,CC-102, CABERNET FRANC ,Finca Altamira,30305,9777,20528.0,22.7,15082.0,Buena
REM_00114,01/03/2025, CC-102 ,Malbec,Finca Altamira,29980,10598,19382.0,"24,5",13693.2,Buena
REM-2025-00115, 2025-03-01 , CC-101 ,Syrah, Finca Agrelo ,18752,10469,8283.0,23.7,6064.3,optima
REM-2025-00116,02/03/2025, CC-101 ,Malbec,Finca Gualtallary,18677,8105,10572.0,"25,4",7560.8,
REM-2025-00117,2025-03-02,CC-102,Malbec, Finca Gualtallary ,19095,8987,10108.0,23.3,7154.8,
REM_00118,02/03/2025,CC-102,malbec, Finca Altamira ,21257,10117,,25.8,7884.8,Buena
REM-2025-00119,2025-03-02, CC-101 ,Chardonnay,Finca Altamira,19561,9675,9886.0,25.0,7044.5,Buena
REM-2025-00120,2025-03-03,CC-101,cabernet franc,Finca Altamira,23782,8943,14839.0,24.0,10178.8,Aceptable
REM_00121,2025-03-03, CC-102 , MALBEC , Finca Barrancas ,28892,8724,20168.0,24.3,14655.7, BUENA 
 rem/00122 , 2025-03-03 , CC-101 , MALBEC ,Finca Barrancas,18250,9544,8706.0,23.2,6132.3,
 rem/00123 ,2025/03/03,CC-101,Chardonnay, Finca Gualtallary ,31068,8225,22843.0,"25,3",16107.4, BUENA 
REM_00124,04/03/2025, CC-101 ,cabernet franc,Finca Altamira,31029,10178,,22.8,15410.4,optima
 rem/00125 ,04/03/2025,CC-101,cabernet franc,Finca Altamira,29077,10806,18271.0,23.6,13066.5,
REM-2025-00126,2025/03/04,CC-102,Cabernet Franc,Finca Altamira,20370,8614,11756.0,"23,7",8672.8,
REM-2025-00127, 2025-03-04 ,CC-101,cabernet franc, Finca Gualtallary ,31122,10698,20424.0,23.7,14476.1,Buena
REM-2025-00128,2025/03/05, CC-101 ,Bonarda,Finca Agrelo,22224,9598,12626.0,24.2,8661.8,Aceptable
REM-2025-00129,05/03/2025, CC-102 , SYRAH ,Finca Gualtallary,29560,9153,20407.0,22.6,14375.0,
REM-2025-00130, 2025-03-05 , CC-102 ,malbec, Finca Gualtallary ,21170,9429,11741.0,25.4,8466.2, BUENA 
REM_00131,2025/03/05, CC-101 , CABERNET FRANC , Finca Agrelo ,31485,8028,23457.0,23.5,16346.6,Buena
REM-2025-00132,2025-03-06,CC-102,syrah,Finca Altamira,27019,8350,,"23,4",12716.9,optima
REM-2025-00133,2025/03/06, CC-102 ,cabernet franc,Finca Barrancas,28057,9215,18842.0,25.3,13151.1,
REM_00134, 06/03/2025 ,CC-102, SYRAH , Finca Agrelo ,21735,9238,12497.0,"26,5",9141.4,Buena
REM-2025-00135,2025-03-06, CC-101 , BONARDA , Finca Gualtallary ,25399,9564,15835.0,"23,1",11518.5,
 rem/00136 ,2025/03/07, CC-101 ,Cabernet Franc, Finca Gualtallary ,19460,10905,,"26,1",6137.6,Optima
REM-2025-00137,2025-03-07,CC-102,Malbec, Finca Altamira ,31460,8760,22700.0,23.0,16585.8,Aceptable
REM-2025-00138,2025-03-07,CC-102,Malbec,Finca Altamira,22474,8197,14277.0,24.6,9740.2,Aceptable
REM_00139,2025/03/07,CC-102,Cabernet Franc,Finca Barrancas,19563,9040,10523.0,26.1,7210.8,Aceptable
REM-2025-00140,08/03/2025,CC-102, BONARDA , Finca Gualtallary ,19779,8898,,25.8,7915.7,Buena
REM-2025-00141,08/03/2025,CC-101,Bonarda,Finca Barrancas,29511,10349,19162.0,25.7,14007.6,Optima
REM-2025-00142,2025/03/08,CC-101, MALBEC ,Finca Barrancas,18392,9108,9284.0,"26,3",6340.9,optima
REM-2025-00143,2025/03/08,CC-101,Bonarda,Finca Barrancas,31296,8961,,24.7,15959.4,Optima
REM-2025-00144,09/03/2025,CC-101, BONARDA ,Finca Gualtallary,21677,9700,11977.0,"26,4",8529.9,Optima
REM-2025-00145,2025/03/09, CC-101 ,Cabernet Franc,Finca Gualtallary,25690,9366,16324.0,23.5,11787.3,Buena
REM-2025-00146,09/03/2025, CC-101 , CHARDONNAY ,Finca Agrelo,30826,10786,20040.0,22.7,14347.9,Buena
REM-2025-00147,2025/03/09,CC-102,Bonarda,Finca Altamira,27604,10739,,24.7,11933.2, BUENA 
REM-2025-00148,2025/03/10, CC-102 , SYRAH ,Finca Agrelo,25422,8037,17385.0,25.2,11952.8,Aceptable
 rem/00149 ,10/03/2025, CC-102 , CABERNET FRANC ,Finca Gualtallary,27848,10975,16873.0,"23,3",11801.1,Buena
REM_00150,2025/03/10,CC-102,Malbec, Finca Altamira ,23442,10784,12658.0,24.6,9260.5,Buena
 rem/00151 ,10/03/2025,CC-101,Syrah,Finca Altamira,30171,8920,21251.0,22.8,15270.6,optima
REM-2025-00152,11/03/2025,CC-102,Chardonnay,Finca Altamira,29869,10308,19561.0,24.8,13613.9,Buena
REM-2025-00153,2025/03/11, CC-101 ,Malbec,Finca Barrancas,22792,10734,,23.0,8649.7,Buena
REM-2025-00154,2025/03/11, CC-101 ,bonarda,Finca Agrelo,28707,9438,19269.0,23.3,13952.7,Optima
REM_00155,2025/03/11,CC-101,Chardonnay,Finca Agrelo,24343,10263,,24.7,10035.9, BUENA 
REM-2025-00156,2025-03-12, CC-102 ,Bonarda, Finca Barrancas ,31809,10931,20878.0,24.2,15265.9,optima
REM-2025-00157,2025/03/12, CC-101 ,Syrah,Finca Agrelo,26742,9624,,22.9,11733.4, BUENA 
 rem/00158 ,2025-03-12, CC-102 , CABERNET FRANC ,Finca Altamira,18727,8879,,26.0,6772.8,optima
 rem/00159 , 2025-03-12 , CC-102 ,Syrah,Finca Barrancas,31809,10518,21291.0,22.9,15273.9,Buena
 rem/00160 ,13/03/2025, CC-102 , CHARDONNAY , Finca Barrancas ,25135,9009,16126.0,25.3,11059.2,Optima
REM-2025-00161,2025/03/13,CC-101,syrah, Finca Gualtallary ,25492,8213,,23.8,12540.9,Optima
 rem/00162 ,13/03/2025,CC-102, MALBEC , Finca Barrancas ,31265,9328,21937.0,"24,0",15467.2,optima
REM-2025-00163,2025/03/13, CC-102 ,Cabernet Franc, Finca Barrancas ,30740,8059,,23.7,16037.2,Optima
REM-2025-00164,14/03/2025, CC-101 ,Syrah, Finca Barrancas ,24617,9564,15053.0,25.5,10331.6,Aceptable
REM-2025-00165,2025/03/14, CC-102 , MALBEC ,Finca Altamira,26624,9176,17448.0,23.3,12361.4,Buena
REM_00166,2025-03-14, CC-102 ,syrah,Finca Agrelo,29242,10233,19009.0,24.6,13375.7, BUENA 
REM-2025-00167,2025/03/14,CC-102,chardonnay,Finca Altamira,23906,9463,14443.0,24.4,10246.1,
 rem/00168 ,2025-03-15,CC-102,Syrah,Finca Barrancas,27965,10848,17117.0,25.8,12054.0,optima
 rem/00169 ,2025-03-15,CC-101,Chardonnay,Finca Altamira,27120,9951,17169.0,24.5,12265.0,Optima
REM-2025-00170,15/03/2025,CC-101,Bonarda,Finca Altamira,28970,8325,20645.0,"25,7",14641.2,Buena
 rem/00171 ,2025-03-15,CC-102,Malbec, Finca Agrelo ,18595,8920,9675.0,22.9,6717.6,Optima
REM_00172,2025-03-16,CC-102,Cabernet Franc,Finca Gualtallary,23972,8858,15114.0,"25,6",10432.2, BUENA 
REM-2025-00173,16/03/2025,CC-102,Cabernet Franc,Finca Gualtallary,22317,8591,,25.3,10056.2,
REM-2025-00174,16/03/2025,CC-101,bonarda, Finca Barrancas ,28255,9447,18808.0,"22,8",13126.3,Optima
 rem/00175 , 16/03/2025 ,CC-102, CABERNET FRANC ,Finca Barrancas,28260,10275,17985.0,23.6,12428.8,Aceptable
 rem/00176 ,2025-03-17, CC-101 ,Malbec,Finca Altamira,22055,9306,,25.5,8826.9,Optima
REM-2025-00177, 2025-03-17 ,CC-101,Cabernet Franc,Finca Altamira,29867,8436,21431.0,22.6,15111.8, BUENA 
REM_00178,2025-03-17,CC-101,syrah,Finca Altamira,24085,8102,15983.0,23.9,11409.1,Aceptable
REM-2025-00179,2025-03-17, CC-101 , CHARDONNAY ,Finca Altamira,19221,10860,8361.0,"25,5",5711.7,
 rem/00180 ,2025-03-18,CC-102,syrah, Finca Gualtallary ,27336,10553,16783.0,26.0,11767.4, BUENA 
 rem/00181 ,2025/03/18,CC-102,chardonnay,Finca Agrelo,20681,8990,,"23,6",8137.5,Optima
REM-2025-00182,2025-03-18,CC-101, SYRAH ,Finca Barrancas,29683,10815,18868.0,"23,0",12970.3, BUENA 
REM-2025-00183,2025-03-18,CC-102,Chardonnay,Finca Barrancas,23822,10549,13273.0,25.4,9281.7,Aceptable
REM-2025-00184,2025/03/19, CC-102 ,Chardonnay,Finca Agrelo,25795,8337,17458.0,"23,0",12829.6,
REM-2025-00185,2025-03-19, CC-101 ,chardonnay,Finca Barrancas,26328,10555,15773.0,24.3,10761.6,
REM-2025-00186,19/03/2025, CC-102 , CABERNET FRANC ,Finca Altamira,31493,9897,21596.0,24.6,14947.1,optima
REM-2025-00187,19/03/2025, CC-102 , CHARDONNAY ,Finca Altamira,20907,10914,9993.0,24.0,7297.2, BUENA 
REM_00188,20/03/2025, CC-101 ,Bonarda, Finca Barrancas ,30720,8998,21722.0,24.5,15162.0,Buena
REM-2025-00189,2025/03/20, CC-102 , SYRAH ,Finca Barrancas,18395,8414,9981.0,25.2,6907.3,
REM-2025-00190,2025/03/20,CC-101, MALBEC ,Finca Agrelo,22636,9649,12987.0,"23,3",9075.4,Optima
REM-2025-00191,2025-03-20, CC-101 ,Chardonnay,Finca Gualtallary,22179,8270,13909.0,25.1,10041.8,optima
 rem/00192 ,21/03/2025, CC-101 ,cabernet franc,Finca Agrelo,21237,8058,13179.0,"25,7",9330.5, BUENA 
REM-2025-00193,21/03/2025, CC-101 , MALBEC , Finca Barrancas ,27719,9729,,22.9,13178.7,
REM_00194,2025-03-21,CC-102, BONARDA ,Finca Agrelo,29492,10486,19006.0,22.9,12955.4,Aceptable
REM-2025-00195,2025-03-21,CC-102, BONARDA ,Finca Altamira,19737,8904,10833.0,26.3,7743.3,Optima
REM-2025-00196, 22/03/2025 , CC-102 , CABERNET FRANC ,Finca Gualtallary,29723,9716,20007.0,"25,4",14211.4,Aceptable
REM_00197,2025-03-22,CC-102,Bonarda,Finca Gualtallary,26266,8294,17972.0,23.3,13025.0,Optima
REM_00198, 2025/03/22 ,CC-101,Chardonnay,Finca Barrancas,27230,9234,17996.0,"25,2",12770.1,
REM-2025-00199,22/03/2025,CC-102,Cabernet Franc,Finca Altamira,26563,10027,16536.0,22.6,11968.7,optima
 rem/00200 ,2025/03/23,CC-101,Malbec, Finca Agrelo ,27284,9283,18001.0,"22,7",12726.8, BUENA 
REM-2025-00201, 2025-03-23 ,CC-101,Chardonnay,Finca Altamira,22466,9442,13024.0,22.7,8967.4,optima
REM-2025-00202,2025-03-23,CC-101,cabernet franc, Finca Agrelo ,25111,8242,16869.0,"23,6",11844.8,
REM-2025-00203,2025-03-23, CC-102 , CHARDONNAY ,Finca Altamira,25262,10273,14989.0,26.0,10201.5,
REM-2025-00204,2025-03-24,CC-101,malbec,Finca Altamira,22491,8611,13880.0,24.8,9714.6,Buena
REM-2025-00205,2025-03-24,CC-102,cabernet franc,Finca Gualtallary,19422,8406,11016.0,"24,5",7820.8,
REM-2025-00206,2025-03-24,CC-102, CHARDONNAY ,Finca Agrelo,20269,9179,11090.0,"24,1",7701.6,
 rem/00207 ,2025/03/24,CC-101,Chardonnay,Finca Gualtallary,27631,10418,17213.0,22.9,11970.1, BUENA 
REM-2025-00208,25/03/2025, CC-102 ,Chardonnay,Finca Gualtallary,29095,8228,20867.0,"22,9",14438.7,Buena
 rem/00209 ,25/03/2025, CC-102 ,Chardonnay,Finca Barrancas,25847,9070,16777.0,22.5,12051.3,Buena
REM-2025-00210,2025-03-25,CC-102,Bonarda,Finca Barrancas,21095,8320,12775.0,26.2,8758.8,Buena
 rem/00211 ,2025-03-25,CC-101, BONARDA , Finca Altamira ,19386,8667,10719.0,"24,9",7289.7, BUENA 
REM_00212,2025/03/26, CC-102 , BONARDA ,Finca Agrelo,28196,9930,,25.1,12520.0,optima
REM-2025-00213,2025-03-26, CC-102 , CABERNET FRANC ,Finca Gualtallary,31353,10426,20927.0,"23,8",14735.4, BUENA 
REM_00214,2025-03-26,CC-102,Chardonnay,Finca Gualtallary,20327,8617,11710.0,"26,1",8449.4,Aceptable
REM-2025-00215,26/03/2025,CC-102,Bonarda,Finca Gualtallary,26067,10147,15920.0,25.6,11592.8,optima
REM-2025-00216,2025/03/27, CC-101 ,Cabernet Franc,Finca Agrelo,22381,10375,12006.0,"24,0",8433.0,Buena
REM_00217,27/03/2025,CC-102,Malbec,Finca Gualtallary,23560,8737,14823.0,23.9,10441.1,
REM-2025-00218,27/03/2025, CC-102 ,syrah,Finca Gualtallary,24054,9894,14160.0,"22,9",10162.5, BUENA 
REM-2025-00219,2025-03-27,CC-101,Chardonnay,Finca Altamira,22581,9513,13068.0,"25,6",9192.2,
REM-2025-00220,2025-03-28, CC-101 ,cabernet franc,Finca Agrelo,19030,9765,9265.0,"26,1",6608.2,
REM-2025-00221,28/03/2025, CC-101 ,Syrah,Finca Gualtallary,29998,10414,19584.0,24.0,14307.8,Aceptable
 rem/00222 ,2025-03-28,CC-101,malbec,Finca Gualtallary,27455,10427,17028.0,"25,1",12464.7,optima
REM_00223,28/03/2025, CC-102 ,Cabernet Franc,Finca Agrelo,29014,8918,20096.0,26.2,13779.6,Optima
REM_00224,2025/03/29, CC-102 , MALBEC ,Finca Agrelo,23993,8402,15591.0,"25,5",11310.0,Aceptable
REM-2025-00225,29/03/2025,CC-101, BONARDA ,Finca Barrancas,18209,9064,9145.0,"23,2",6656.1,Optima
REM-2025-00226,2025-03-29,CC-102,cabernet franc, Finca Agrelo ,31901,10840,21061.0,"24,4",14541.3,Optima
 rem/00227 ,2025-03-29, CC-101 ,Syrah, Finca Barrancas ,27551,9639,17912.0,23.0,12597.8,optima
REM-2025-00228, 2025-03-30 ,CC-101,cabernet franc, Finca Barrancas ,25314,9790,15524.0,26.2,11183.3,Aceptable
REM-2025-00229,30/03/2025,CC-101,syrah,Finca Gualtallary,23024,8751,14273.0,"23,0",10434.9, BUENA 
REM_00230,30/03/2025,CC-102,bonarda, Finca Barrancas ,19794,9892,,"26,4",7233.9,Optima
REM-2025-00231,2025-03-30,CC-102,Cabernet Franc,Finca Gualtallary,31057,10763,20294.0,"26,4",13918.5,Aceptable
REM_00232,2025-03-31, CC-101 ,chardonnay,Finca Barrancas,29484,8378,21106.0,"23,9",15527.7,Buena
REM-2025-00233,2025/03/31, CC-101 ,Malbec,Finca Agrelo,25937,9372,16565.0,24.7,11851.5,Optima
REM-2025-00234,2025/03/31,CC-101,Malbec,Finca Barrancas,30470,8711,21759.0,"23,5",15272.1,optima
 rem/00235 ,2025-03-31,CC-102,cabernet franc, Finca Altamira ,30910,9259,21651.0,24.7,15766.9,Optima
REM-2025-00236, 2025-04-01 ,CC-101,Cabernet Franc,Finca Gualtallary,21551,10202,11349.0,22.7,7978.8,optima
REM-2025-00237,01/04/2025,CC-101,Malbec, Finca Barrancas ,26701,9575,,23.1,11751.0,optima
 rem/00238 ,01/04/2025, CC-102 , CABERNET FRANC ,Finca Gualtallary,25777,8136,17641.0,23.1,12408.1,Optima
REM_00239,2025/04/01, CC-102 ,Syrah,Finca Altamira,19222,10484,8738.0,"26,5",6308.0,Optima
REM-2025-00240,02/04/2025,CC-102,Chardonnay,Finca Gualtallary,25490,8763,16727.0,"25,2",12079.1,
REM-2025-00241,02/04/2025, CC-102 ,Syrah,Finca Agrelo,19325,9301,10024.0,"25,6",7082.6,Aceptable
REM-2025-00242,2025/04/02, CC-101 ,Malbec,Finca Altamira,30522,10722,19800.0,25.6,13918.2,Buena
REM-2025-00243,2025-04-02, CC-102 ,Malbec,Finca Agrelo,20869,8420,12449.0,"24,0",8739.7, BUENA 
REM_00244,2025-04-03,CC-102,bonarda,Finca Gualtallary,30127,10795,19332.0,25.9,14176.5,
REM-2025-00245,03/04/2025,CC-101,Cabernet Franc,Finca Altamira,23997,10355,13642.0,25.4,9535.6,Optima
REM-2025-00246,2025/04/03, CC-101 , BONARDA ,Finca Agrelo,19824,10491,9333.0,"23,3",6661.1,Aceptable
 rem/00247 ,2025-04-03,CC-101,malbec,Finca Agrelo,19721,10900,8821.0,22.8,6360.8,optima
REM-2025-00248,04/04/2025, CC-102 ,Syrah,Finca Agrelo,22210,9676,12534.0,24.7,8793.4,Aceptable
 rem/00249 ,2025/04/04, CC-102 ,Syrah,Finca Gualtallary,27607,8968,18639.0,26.3,13131.6,
 rem/00250 ,04/04/2025,CC-101,bonarda, Finca Agrelo ,21083,8920,12163.0,23.4,8985.2,Optima
REM-2025-00251,2025-04-04, CC-102 ,Malbec, Finca Barrancas ,19469,8629,10840.0,"23,6",7645.4,Buena
REM-2025-00252,2025-04-05, CC-102 ,Malbec,Finca Barrancas,29981,8823,21158.0,23.2,14628.6,Aceptable
REM-2025-00253,05/04/2025, CC-102 , CHARDONNAY ,Finca Gualtallary,25420,8797,16623.0,25.2,11408.6,Optima
 rem/00254 ,05/04/2025, CC-102 , CABERNET FRANC , Finca Altamira ,23534,9893,13641.0,25.8,9617.8,
REM-2025-00255,2025/04/05,CC-101,malbec,Finca Altamira,31391,8021,23370.0,24.2,16870.1,
REM-2025-00256, 06/04/2025 ,CC-102,syrah, Finca Barrancas ,21641,9116,12525.0,26.5,8648.8,Optima
 rem/00257 ,06/04/2025,CC-102,Bonarda, Finca Altamira ,25174,10687,14487.0,23.1,10525.6,optima
 rem/00258 ,2025/04/06,CC-102,syrah,Finca Agrelo,28813,8239,20574.0,24.3,15169.2,Optima
REM-2025-00259,2025-04-06, CC-102 ,Malbec, Finca Agrelo ,30641,9004,21637.0,23.7,14984.6,Optima
REM-2025-00260,07/04/2025, CC-102 ,cabernet franc,Finca Barrancas,26536,10711,15825.0,"26,1",11275.2, BUENA 
REM-2025-00261,2025-04-07, CC-101 ,syrah,Finca Agrelo,28654,9116,19538.0,"23,5",14224.6,Buena
REM-2025-00262,2025/04/07, CC-101 ,Chardonnay,Finca Agrelo,19678,8222,11456.0,"24,5",7831.4,optima
REM-2025-00263,07/04/2025, CC-101 ,Cabernet Franc,Finca Barrancas,31993,9163,22830.0,"25,0",15788.3, BUENA 
REM-2025-00264,2025-04-08,CC-101,bonarda,Finca Agrelo,25903,10906,14997.0,24.6,10844.1,Optima
REM-2025-00265,08/04/2025,CC-102,Chardonnay,Finca Gualtallary,28860,9054,19806.0,26.3,13531.9,optima
REM-2025-00266,2025/04/08, CC-101 ,Bonarda,Finca Gualtallary,29061,9412,19649.0,"23,2",14175.0,optima
REM-2025-00267,08/04/2025, CC-101 ,Chardonnay,Finca Altamira,19394,8098,11296.0,"26,1",8178.0,Aceptable
REM-2025-00268,09/04/2025, CC-101 , SYRAH , Finca Gualtallary ,23599,8061,15538.0,25.5,10826.7, BUENA 
REM-2025-00269,2025/04/09,CC-101, CHARDONNAY , Finca Gualtallary ,26789,8391,18398.0,24.2,13338.7,Buena
REM-2025-00270,2025/04/09,CC-102,cabernet franc,Finca Agrelo,20384,8809,11575.0,24.3,8260.9,
 rem/00271 ,2025-04-09,CC-102,Bonarda,Finca Gualtallary,29930,10799,19131.0,"24,3",14063.7,
REM-2025-00272,2025-04-10, CC-102 ,chardonnay, Finca Altamira ,25548,8880,16668.0,24.7,12130.6,Optima
REM-2025-00273,2025/04/10, CC-101 ,Malbec, Finca Altamira ,29377,10067,19310.0,"26,3",13895.9,Optima
REM-2025-00274,10/04/2025, CC-101 ,cabernet franc,Finca Gualtallary,20423,8165,12258.0,"24,2",8555.5,Optima
REM-2025-00275,2025-04-10, CC-102 , CABERNET FRANC , Finca Altamira ,24755,9625,15130.0,23.3,10474.7,Aceptable
REM_00276,2025-04-11, CC-101 , CABERNET FRANC ,Finca Altamira,22598,8912,13686.0,"23,0",9561.9,optima
REM-2025-00277,2025/04/11, CC-102 ,cabernet franc,Finca Agrelo,20735,8395,12340.0,"25,6",8935.6,
REM-2025-00278,2025-04-11,CC-102,Cabernet Franc,Finca Gualtallary,18974,8223,10751.0,23.6,7883.1,
REM-2025-00279, 2025/04/11 , CC-102 , CABERNET FRANC ,Finca Gualtallary,22211,8225,13986.0,23.5,9876.4,Buena
REM-2025-00280,2025-04-12, CC-101 ,Malbec,Finca Barrancas,19341,8209,11132.0,"24,0",8093.7,
REM-2025-00281,2025-04-12,CC-102,cabernet franc,Finca Gualtallary,31181,9881,21300.0,23.2,15423.0,optima
REM-2025-00282,2025-04-12, CC-102 ,chardonnay, Finca Altamira ,18393,10743,7650.0,"24,5",5236.7,optima
REM-2025-00283,2025/04/12, CC-102 ,cabernet franc,Finca Barrancas,18581,10042,8539.0,"25,2",6000.5,Aceptable
 rem/00284 ,2025-04-13,CC-101,syrah,Finca Altamira,21385,10268,11117.0,24.6,7738.9,Buena
REM-2025-00285,2025-04-13,CC-101, MALBEC ,Finca Altamira,29455,9543,19912.0,25.4,13579.0,Aceptable
REM_00286,2025-04-13,CC-101,Chardonnay,Finca Agrelo,22134,9316,12818.0,"24,7",9461.3,Buena
 rem/00287 ,2025-04-13, CC-101 ,Syrah,Finca Gualtallary,27319,10208,17111.0,22.8,12201.9,optima
REM-2025-00288, 2025-04-14 , CC-102 ,cabernet franc,Finca Barrancas,23153,10289,12864.0,26.5,9079.7, BUENA 
REM-2025-00289,2025/04/14,CC-102,Syrah,Finca Barrancas,24461,10070,14391.0,26.1,9951.0, BUENA 
REM_00290,2025-04-14,CC-102,chardonnay,Finca Barrancas,28940,9666,19274.0,"23,4",13898.7,
 rem/00291 ,2025-04-14, CC-101 ,Bonarda,Finca Altamira,25280,9067,16213.0,"25,3",11884.0,Optima
REM-2025-00292,15/04/2025, CC-102 , BONARDA ,Finca Altamira,27018,9890,,25.7,11703.9,optima
REM-2025-00293,2025-04-15, CC-102 ,bonarda,Finca Gualtallary,21179,10266,10913.0,22.8,8032.4,
 rem/00294 ,15/04/2025, CC-101 , MALBEC , Finca Gualtallary ,24371,9726,14645.0,25.1,10682.6,Aceptable
 rem/00295 ,15/04/2025, CC-102 , CHARDONNAY ,Finca Agrelo,25013,8837,16176.0,26.4,11692.6,
REM-2025-00296,2025/04/16,CC-101,Cabernet Franc,Finca Barrancas,29553,8995,20558.0,"24,6",14123.8,Buena
 rem/00297 ,16/04/2025, CC-101 ,malbec,Finca Agrelo,28165,10251,17914.0,23.0,12818.4,
REM-2025-00298,16/04/2025,CC-102,cabernet franc, Finca Agrelo ,28833,10228,,25.0,12662.6,Optima
REM-2025-00299,2025-04-16, CC-102 ,malbec,Finca Barrancas,22357,8783,13574.0,24.5,10004.4,Aceptable
REM-2025-00300,17/04/2025,CC-102,Chardonnay,Finca Gualtallary,31231,10730,20501.0,"24,2",14819.8,Optima
REM-2025-00301,2025/04/17, CC-102 ,Malbec, Finca Gualtallary ,28635,9772,,"23,7",13291.8,Buena
REM-2025-00302,2025-04-17,CC-102,Bonarda,Finca Gualtallary,29392,8048,21344.0,26.4,14681.2,optima
 rem/00303 ,17/04/2025,CC-101,Bonarda,Finca Barrancas,30823,8310,,22.6,15608.4,Optima
REM-2025-00304,18/04/2025, CC-102 ,syrah,Finca Barrancas,31520,10652,20868.0,23.3,14290.5,Buena
REM-2025-00305,2025/04/18,CC-101,malbec, Finca Agrelo ,18889,10058,8831.0,22.6,6353.9,optima
REM-2025-00306,2025-04-18,CC-101,cabernet franc,Finca Gualtallary,21523,9763,11760.0,24.7,8193.9,optima
REM_00307,18/04/2025,CC-101,syrah,Finca Agrelo,22690,10025,12665.0,"26,2",8769.2,Buena
REM-2025-00308,19/04/2025,CC-102, SYRAH , Finca Gualtallary ,25520,9419,16101.0,22.6,11036.5,Buena
REM-2025-00309,2025-04-19, CC-101 ,chardonnay,Finca Gualtallary,31439,10956,20483.0,25.5,14185.8,Aceptable
REM-2025-00310,2025/04/19, CC-102 , BONARDA ,Finca Gualtallary,21384,10122,11262.0,25.4,8082.0,optima
 rem/00311 , 2025-04-19 ,CC-101,cabernet franc, Finca Barrancas ,18028,8705,9323.0,"26,3",6717.9,Aceptable
REM-2025-00312,2025/04/20, CC-102 ,Malbec,Finca Gualtallary,24948,10987,13961.0,25.4,9560.5,Optima
REM-2025-00313, 20/04/2025 ,CC-101,Chardonnay,Finca Barrancas,26071,10276,15795.0,24.7,11595.1,Aceptable
REM-2025-00314,2025/04/20, CC-102 ,Chardonnay, Finca Altamira ,30229,8572,21657.0,23.4,15929.1,
 rem/00315 ,20/04/2025, CC-101 ,Cabernet Franc,Finca Gualtallary,22050,8325,13725.0,24.5,9383.5,Optima
REM-2025-00316,2025/04/21,CC-101,Malbec, Finca Altamira ,21777,9810,11967.0,25.0,8834.4,optima
REM-2025-00317,21/04/2025, CC-101 ,Bonarda,Finca Agrelo,21896,8164,13732.0,23.8,9765.4, BUENA 
REM-2025-00318,21/04/2025, CC-102 ,Syrah,Finca Barrancas,31464,9150,22314.0,25.2,15495.8, BUENA 
REM-2025-00319,2025/04/21,CC-102,Chardonnay,Finca Altamira,18091,8138,9953.0,"23,8",7079.7,Optima
REM_00320,22/04/2025,CC-101,bonarda,Finca Agrelo,30627,9075,21552.0,23.5,14688.8, BUENA 
REM_00321,2025/04/22,CC-102,Syrah,Finca Altamira,26990,8474,18516.0,24.7,12592.7,Buena
REM-2025-00322,2025/04/22, CC-101 , MALBEC ,Finca Altamira,20979,10969,,"23,5",7001.1,optima
REM_00323,22/04/2025, CC-102 , CABERNET FRANC ,Finca Altamira,25320,8513,16807.0,"24,8",11584.9, BUENA 
REM-2025-00324,2025-04-23,CC-101, MALBEC ,Finca Gualtallary,19699,9029,,25.3,7614.2,Optima
REM-2025-00325,2025/04/23,CC-101, BONARDA ,Finca Agrelo,31796,10648,,"25,5",15078.2,Buena
REM-2025-00326,2025-04-23,CC-101,malbec, Finca Gualtallary ,28400,10317,18083.0,23.2,12987.4,
REM-2025-00327, 23/04/2025 , CC-102 ,bonarda, Finca Barrancas ,19069,9167,9902.0,25.8,6769.0, BUENA 
REM_00328,2025/04/24, CC-102 ,Syrah, Finca Gualtallary ,22508,9755,,26.2,9057.0,Optima
REM_00329,2025/04/24,CC-102, BONARDA ,Finca Gualtallary,28514,10400,,26.2,13267.2, BUENA 
REM-2025-00330,2025/04/24, CC-102 ,Syrah, Finca Gualtallary ,21273,9685,11588.0,24.1,8207.1,optima
REM-2025-00331,24/04/2025,CC-101,Malbec,Finca Altamira,31017,8588,22429.0,25.7,15862.6,Aceptable
REM-2025-00332,2025-04-25,CC-102,Malbec, Finca Barrancas ,26002,8750,17252.0,"25,0",12231.2,optima
 rem/00333 ,2025-04-25,CC-101,chardonnay,Finca Gualtallary,27186,9583,17603.0,"26,1",12000.8, BUENA 
REM-2025-00334, 2025-04-25 ,CC-102,Syrah,Finca Agrelo,30764,10986,19778.0,24.8,14082.1,optima
REM-2025-00335,2025/04/25, CC-102 ,Malbec,Finca Agrelo,18056,9875,8181.0,"23,3",5818.4,Optima
 rem/00336 , 2025/04/26 , CC-102 ,Malbec,Finca Agrelo,22833,8201,14632.0,23.5,10668.4,Buena
 rem/00337 ,2025-04-26,CC-101,Malbec, Finca Altamira ,22311,10602,11709.0,23.3,8023.1, BUENA 
REM-2025-00338,2025/04/26,CC-102,Syrah,Finca Altamira,28488,8748,19740.0,22.7,14220.1, BUENA 
REM_00339,2025/04/26, CC-101 ,Bonarda,Finca Gualtallary,26625,9045,17580.0,25.2,12576.9,optima
REM-2025-00340, 27/04/2025 ,CC-101,Bonarda,Finca Altamira,25001,10098,14903.0,23.7,10603.0,optima
REM-2025-00341,2025-04-27,CC-101, MALBEC ,Finca Altamira,23061,8738,,"24,7",10442.9,Buena
REM-2025-00342,2025-04-27,CC-102, CABERNET FRANC ,Finca Agrelo,24691,9977,14714.0,25.7,10617.2,optima
REM-2025-00343,2025/04/27, CC-101 , CABERNET FRANC ,Finca Altamira,21241,8550,12691.0,24.3,9252.6,Aceptable
 rem/00344 ,28/04/2025,CC-101, BONARDA ,Finca Agrelo,28014,9824,,"26,2",13403.7,
REM-2025-00345, 2025/04/28 , CC-102 , CHARDONNAY ,Finca Altamira,30471,9687,20784.0,24.3,14893.4,
REM-2025-00346,28/04/2025,CC-101,Cabernet Franc, Finca Altamira ,25420,10747,14673.0,25.2,10177.3,optima
 rem/00347 ,2025/04/28,CC-102,bonarda, Finca Agrelo ,31098,10462,20636.0,25.3,14144.5,optima
REM-2025-00348,2025/04/29, CC-101 , BONARDA ,Finca Agrelo,23322,9644,13678.0,26.1,10036.6, BUENA 
REM-2025-00349,2025-04-29,CC-102,bonarda,Finca Gualtallary,25982,9080,16902.0,25.9,11583.4, BUENA 
REM-2025-00350,29/04/2025, CC-101 ,Cabernet Franc,Finca Gualtallary,21985,8593,13392.0,"23,8",9249.9,Buena
