DateKey,AnioMes,CentroCostoID,CuentaID,OPEXPresupuestado,OPEXReal,DesvioOPEX,DesvioPorcentual
20250101,2025-01,CC-101,5.2.01,9633068.2,9555551.59,-77516.61,-0.008
20250101,2025-01,CC-102,5.2.02,9763112.05,9475343.04,-287769.01,-0.0295
20250101,2025-01,CC-103,5.2.02,8484763.35,8189144.76,-295618.59,-0.0348
20250101,2025-01,CC-104,5.2.01,13295121.96,13257999.53,-37122.43,-0.0028
20250101,2025-01,CC-201,5.2.04,10813906.37,11508369.69,694463.32,0.0642
20250101,2025-01,CC-202,5.2.02,16828609.69,17947605.02,1118995.33,0.0665
20250101,2025-01,CC-203,5.2.03,10652007.72,11331363.77,679356.05,0.0638
20250201,2025-02,CC-101,5.2.03,8671782.01,8053223.43,-618558.58,-0.0713
20250201,2025-02,CC-102,5.2.02,10801897.41,11641145.66,839248.25,0.0777
20250201,2025-02,CC-103,5.2.01,9709830.72,8873967.22,-835863.5,-0.0861
20250201,2025-02,CC-104,5.2.02,8448804.89,9200105.51,751300.62,0.0889
20250201,2025-02,CC-201,5.2.02,13971616.13,13352733.0,-618883.13,-0.0443
20250201,2025-02,CC-202,5.2.01,13108254.08,13318871.17,210617.09,0.0161
20250201,2025-02,CC-203,5.2.02,14209795.76,13517796.64,-691999.12,-0.0487
20250301,2025-03,CC-101,5.2.01,16508432.86,15981171.4,-527261.46,-0.0319
20250301,2025-03,CC-102,5.2.03,14635448.19,13223821.48,-1411626.71,-0.0965
20250301,2025-03,CC-103,5.2.03,11099228.43,10848121.26,-251107.17,-0.0226
20250301,2025-03,CC-104,5.2.02,12978328.71,11888174.76,-1090153.95,-0.084
20250301,2025-03,CC-201,5.2.01,15691445.11,14874105.61,-817339.5,-0.0521
20250301,2025-03,CC-202,5.2.02,14447415.96,15555629.09,1108213.13,0.0767
20250301,2025-03,CC-203,5.2.02,13180646.52,14010952.19,830305.67,0.063
20250401,2025-04,CC-101,5.2.03,14280463.43,13969385.75,-311077.68,-0.0218
20250401,2025-04,CC-102,5.2.02,15897443.93,15338399.21,-559044.72,-0.0352
20250401,2025-04,CC-103,5.2.02,13283342.1,14133309.99,849967.89,0.064
20250401,2025-04,CC-104,5.2.03,11168515.01,10795585.71,-372929.3,-0.0334
20250401,2025-04,CC-201,5.2.01,12052806.11,13016451.69,963645.58,0.08
20250401,2025-04,CC-202,5.2.04,17229139.39,17572315.43,343176.04,0.0199
20250401,2025-04,CC-203,5.2.02,14276128.26,15685470.45,1409342.19,0.0987
20250501,2025-05,CC-101,5.2.01,8084015.37,7688361.73,-395653.64,-0.0489
20250501,2025-05,CC-102,5.2.02,14797900.07,15999841.47,1201941.4,0.0812
20250501,2025-05,CC-103,5.2.02,16427319.31,16284788.97,-142530.34,-0.0087
20250501,2025-05,CC-104,5.2.03,7982738.93,7953297.99,-29440.94,-0.0037
20250501,2025-05,CC-201,5.2.02,9538080.49,9195312.59,-342767.9,-0.0359
20250501,2025-05,CC-202,5.2.04,15494943.13,14202912.16,-1292030.97,-0.0834
20250501,2025-05,CC-203,5.2.02,16103393.39,16008177.23,-95216.16,-0.0059
20250601,2025-06,CC-101,5.2.02,13556703.24,12468418.43,-1088284.81,-0.0803
20250601,2025-06,CC-102,5.2.04,10710949.86,9851226.92,-859722.94,-0.0803
20250601,2025-06,CC-103,5.2.01,17576980.95,18940911.83,1363930.88,0.0776
20250601,2025-06,CC-104,5.2.01,12055960.3,11443427.83,-612532.47,-0.0508
20250601,2025-06,CC-201,5.2.01,22268006.16,22050314.69,-217691.47,-0.0098
20250601,2025-06,CC-202,5.2.02,8770828.75,8980417.93,209589.18,0.0239
20250601,2025-06,CC-203,5.2.02,17381515.32,15658010.56,-1723504.76,-0.0992
20250701,2025-07,CC-101,5.2.01,9619373.28,10643437.15,1024063.87,0.1065
20250701,2025-07,CC-102,5.2.03,8881945.64,8215031.96,-666913.68,-0.0751
20250701,2025-07,CC-103,5.2.03,13272059.37,14461310.76,1189251.39,0.0896
20250701,2025-07,CC-104,5.2.02,12248207.99,13703345.76,1455137.77,0.1188
20250701,2025-07,CC-201,5.2.02,14470888.69,13259624.36,-1211264.33,-0.0837
20250701,2025-07,CC-202,5.2.01,17921153.45,17737223.85,-183929.6,-0.0103
20250701,2025-07,CC-203,5.2.01,10161427.87,10392431.88,231004.01,0.0227
20250801,2025-08,CC-101,5.2.03,10347383.51,9509459.14,-837924.37,-0.081
20250801,2025-08,CC-102,5.2.03,7015711.77,7008052.98,-7658.79,-0.0011
20250801,2025-08,CC-103,5.2.01,16205497.64,16625371.4,419873.76,0.0259
20250801,2025-08,CC-104,5.2.01,17991280.29,17327514.71,-663765.58,-0.0369
20250801,2025-08,CC-201,5.2.01,10085005.71,9430941.47,-654064.24,-0.0649
20250801,2025-08,CC-202,5.2.01,8804699.47,8476645.62,-328053.85,-0.0373
20250801,2025-08,CC-203,5.2.03,15721240.5,17281832.92,1560592.42,0.0993
20250901,2025-09,CC-101,5.2.01,17725958.87,16859225.49,-866733.38,-0.0489
20250901,2025-09,CC-102,5.2.03,16694273.0,16230441.32,-463831.68,-0.0278
20250901,2025-09,CC-103,5.2.03,8241245.99,8994541.07,753295.08,0.0914
20250901,2025-09,CC-104,5.2.01,13997161.98,13104714.09,-892447.89,-0.0638
20250901,2025-09,CC-201,5.2.04,11728143.83,11296509.35,-431634.48,-0.0368
20250901,2025-09,CC-202,5.2.01,15104740.26,15100987.8,-3752.46,-0.0002
20250901,2025-09,CC-203,5.2.03,17882079.4,16309241.37,-1572838.03,-0.088
20251001,2025-10,CC-101,5.2.04,10905167.93,10970795.63,65627.7,0.006
20251001,2025-10,CC-102,5.2.04,12534469.1,12152241.51,-382227.59,-0.0305
20251001,2025-10,CC-103,5.2.01,15021642.74,16410308.83,1388666.09,0.0924
20251001,2025-10,CC-104,5.2.04,17325912.32,18662096.08,1336183.76,0.0771
20251001,2025-10,CC-201,5.2.03,16356382.17,16701828.41,345446.24,0.0211
20251001,2025-10,CC-202,5.2.02,16084770.49,15550287.4,-534483.09,-0.0332
20251001,2025-10,CC-203,5.2.02,11383266.38,11038590.9,-344675.48,-0.0303
20251101,2025-11,CC-101,5.2.02,12141260.69,11689939.87,-451320.82,-0.0372
20251101,2025-11,CC-102,5.2.01,17577725.86,17029754.64,-547971.22,-0.0312
20251101,2025-11,CC-103,5.2.04,8078489.92,8206936.1,128446.18,0.0159
20251101,2025-11,CC-104,5.2.01,7628089.86,7050792.18,-577297.68,-0.0757
20251101,2025-11,CC-201,5.2.02,9413283.28,9433588.25,20304.97,0.0022
20251101,2025-11,CC-202,5.2.04,11765760.26,12659160.43,893400.17,0.0759
20251101,2025-11,CC-203,5.2.01,15134221.19,15040238.05,-93983.14,-0.0062
20251201,2025-12,CC-101,5.2.02,10670746.28,10346602.43,-324143.85,-0.0304
20251201,2025-12,CC-102,5.2.01,15513945.96,14140278.03,-1373667.93,-0.0885
20251201,2025-12,CC-103,5.2.03,7141038.14,7676757.15,535719.01,0.075
20251201,2025-12,CC-104,5.2.01,12248610.14,11376433.77,-872176.37,-0.0712
20251201,2025-12,CC-201,5.2.02,9591225.28,10599750.96,1008525.68,0.1052
20251201,2025-12,CC-202,5.2.02,16454532.73,17378499.35,923966.62,0.0562
20251201,2025-12,CC-203,5.2.02,12304477.53,12482538.06,178060.53,0.0145
