DateKey,TipoCambioSpotA3500,FuturoRofex1M,FuturoRofex3M,DiasVencimiento1M,DiasVencimiento3M,TasaLecapReferenciaTNA
20210104,84.7033,86.7538,90.8099,30,90,0.3406
20210105,84.7967,86.8669,90.9617,30,90,0.3431
20210106,84.9033,86.95,90.9984,30,90,0.3394
20210107,85.0,87.0403,91.0762,30,90,0.3381
20210108,85.105,87.1696,91.2535,30,90,0.3412
20210111,85.3783,87.4627,91.5856,30,90,0.3431
20210112,85.465,87.5383,91.6395,30,90,0.3412
20210113,85.555,87.6218,91.71,30,90,0.34
20210114,85.645,87.7402,91.8848,30,90,0.3438
20210115,85.735,87.8456,92.0205,30,90,0.3456
20210118,86.0667,88.159,92.2978,30,90,0.3419
20210119,86.1967,88.2922,92.4372,30,90,0.3419
20210120,86.32,88.4273,92.5958,30,90,0.3431
20210121,86.4283,88.5162,92.6461,30,90,0.34
20210122,86.5467,88.6374,92.773,30,90,0.34
20210125,86.9117,88.9979,93.1245,30,90,0.3381
20210126,87.0217,89.115,93.2556,30,90,0.3387
20210127,87.1233,89.2324,93.4044,30,90,0.3406
20210128,87.2167,89.337,93.5311,30,90,0.3419
20210129,87.2983,89.4206,93.6186,30,90,0.3419
20210201,87.605,89.7347,93.9475,30,90,0.3419
20210202,87.7033,89.8354,94.0529,30,90,0.3419
20210203,87.805,89.9261,94.1218,30,90,0.34
20210204,87.905,90.042,94.2692,30,90,0.3419
20210205,88.005,90.1355,94.3496,30,90,0.3406
20210208,88.165,90.3038,94.5346,30,90,0.3412
20210209,88.275,90.4256,94.6795,30,90,0.3425
20210210,88.355,90.503,94.7518,30,90,0.3419
20210211,88.45,90.5958,94.8402,30,90,0.3412
20210212,88.5383,90.6771,94.9079,30,90,0.34
20210217,88.945,91.1119,95.3981,30,90,0.3425
20210218,89.045,91.2143,95.5053,30,90,0.3425
20210219,89.1567,91.2922,95.5164,30,90,0.3375
20210222,89.4383,91.608,95.8999,30,90,0.3412
20210223,89.535,91.7071,96.0036,30,90,0.3412
20210224,89.6383,91.8175,96.128,30,90,0.3419
20210225,89.7533,91.9353,96.2513,30,90,0.3419
20210226,89.825,91.9673,96.205,30,90,0.3362
20210301,90.085,92.2658,96.5796,30,90,0.3406
20210302,90.155,92.3375,96.6546,30,90,0.3406
20210303,90.2233,92.4167,96.7554,30,90,0.3419
20210304,90.295,92.467,96.7634,30,90,0.3387
20210305,90.365,92.5387,96.8384,30,90,0.3387
20210308,90.5817,92.7838,97.1397,30,90,0.3419
20210309,90.6517,92.8462,97.1871,30,90,0.3406
20210310,90.7233,92.9149,97.2501,30,90,0.34
20210311,90.7867,92.9938,97.3595,30,90,0.3419
20210312,90.855,93.0638,97.4328,30,90,0.3419
20210315,91.0667,93.2666,97.6182,30,90,0.34
20210316,91.135,93.3412,97.7053,30,90,0.3406
20210317,91.205,93.4176,97.7942,30,90,0.3412
20210318,91.28,93.4897,97.8607,30,90,0.3406
20210319,91.3567,93.573,97.9569,30,90,0.3412
20210322,91.5683,93.7897,98.1838,30,90,0.3412
20210323,91.6367,93.8645,98.2711,30,90,0.3419
20210325,91.7767,93.9938,98.3793,30,90,0.34
20210326,91.8483,94.0812,98.498,30,90,0.3419
20210329,91.9217,94.1235,98.4786,30,90,0.3375
20210330,91.9583,94.1892,98.6019,30,90,0.3412
20210331,91.985,94.2118,98.6166,30,90,0.3406
20210405,92.2367,94.4602,98.8583,30,90,0.3394
20210406,92.2867,94.5255,98.9541,30,90,0.3412
20210407,92.335,94.5703,98.9918,30,90,0.3406
20210408,92.3867,94.6232,99.0472,30,90,0.3406
20210409,92.435,94.6727,99.099,30,90,0.3406
20210412,92.5817,94.8324,99.2845,30,90,0.3419
20210413,92.6283,94.8802,99.3345,30,90,0.3419
20210414,92.6767,94.9155,99.344,30,90,0.34
20210415,92.725,94.9697,99.4099,30,90,0.3406
20210416,92.7767,95.0274,99.4795,30,90,0.3412
20210419,92.9267,95.1858,99.6545,30,90,0.3419
20210420,92.975,95.2258,99.6779,30,90,0.3406
20210421,93.025,95.2817,99.7457,30,90,0.3412
20210422,93.075,95.3425,99.8277,30,90,0.3425
20210423,93.125,95.3842,99.8529,30,90,0.3412
20210426,93.275,95.533,99.9996,30,90,0.3406
20210427,93.335,95.5993,100.0781,30,90,0.3412
20210428,93.4167,95.6686,100.123,30,90,0.3394
20210429,93.5,95.7731,100.2693,30,90,0.3419
20210430,93.555,95.8198,100.2997,30,90,0.3406
20210503,93.675,95.9571,100.4712,30,90,0.3425
20210504,93.715,95.9885,100.4856,30,90,0.3412
20210505,93.755,96.0103,100.4713,30,90,0.3387
20210506,93.795,96.0704,100.5713,30,90,0.3412
20210507,93.835,96.1114,100.6142,30,90,0.3412
20210510,93.925,96.194,100.6821,30,90,0.34
20210511,93.955,96.2343,100.7429,30,90,0.3412
20210512,93.985,96.2698,100.7894,30,90,0.3419
20210513,94.015,96.3006,100.8216,30,90,0.3419
20210514,94.045,96.3217,100.8251,30,90,0.3406
20210517,94.135,96.4139,100.9216,30,90,0.3406
20210518,94.165,96.4542,100.9824,30,90,0.3419
20210519,94.21,96.5003,101.0307,30,90,0.3419
20210520,94.245,96.5313,101.0539,30,90,0.3412
20210521,94.2767,96.559,101.0735,30,90,0.3406
20210526,94.485,96.782,101.3256,30,90,0.3419
20210527,94.525,96.8181,101.3541,30,90,0.3412
20210528,94.565,96.8543,101.3826,30,90,0.3406
20210531,94.685,96.982,101.5256,30,90,0.3412
20210601,94.735,97.0284,101.5648,30,90,0.3406
20210602,94.775,97.0791,101.6366,30,90,0.3419
20210603,94.815,97.1152,101.665,30,90,0.3412
20210604,94.86,97.1418,101.6555,30,90,0.3387
20210607,94.975,97.2888,101.8655,30,90,0.3425
20210608,95.015,97.3249,101.894,30,90,0.3419
20210609,95.055,97.3513,101.8934,30,90,0.34
20210610,95.0967,97.4134,101.9961,30,90,0.3425
20210611,95.135,97.4429,102.0082,30,90,0.3412
20210614,95.255,97.5658,102.1368,30,90,0.3412
20210615,95.285,97.6015,102.1835,30,90,0.3419
20210616,95.315,97.6273,102.2012,30,90,0.3412
20210617,95.3517,97.6551,102.2114,30,90,0.34
20210618,95.3817,97.7005,102.2872,30,90,0.3419
20210622,95.4967,97.8134,102.396,30,90,0.3412
20210623,95.53,97.8524,102.4463,30,90,0.3419
20210624,95.5583,97.8716,102.4475,30,90,0.3406
20210625,95.59,97.909,102.496,30,90,0.3412
20210628,95.6833,98.0045,102.5961,30,90,0.3412
20210629,95.705,98.0219,102.6047,30,90,0.3406
20210630,95.7267,98.049,102.6426,30,90,0.3412
20210701,95.7667,98.09,102.6855,30,90,0.3412
20210702,95.795,98.1239,102.7304,30,90,0.3419
20210705,95.89,98.2064,102.7885,30,90,0.34
20210706,95.9183,98.2501,102.8627,30,90,0.3419
20210707,95.9483,98.2858,102.9095,30,90,0.3425
20210708,95.9767,98.31,102.9253,30,90,0.3419
20210712,96.095,98.4262,103.0375,30,90,0.3412
20210713,96.125,98.4373,103.0111,30,90,0.3387
20210714,96.155,98.4877,103.1018,30,90,0.3412
20210715,96.185,98.5233,103.1487,30,90,0.3419
20210716,96.215,98.5442,103.1515,30,90,0.3406
20210719,96.305,98.6413,103.2627,30,90,0.3412
20210720,96.335,98.677,103.3095,30,90,0.3419
20210721,96.365,98.7077,103.3417,30,90,0.3419
20210722,96.395,98.7286,103.3445,30,90,0.3406
20210723,96.4317,98.7711,103.3985,30,90,0.3412
20210726,96.5267,98.8733,103.5151,30,90,0.3419
20210727,96.5783,98.9262,103.5704,30,90,0.3419
20210728,96.635,98.9793,103.6165,30,90,0.3412
20210729,96.6667,99.0118,103.6505,30,90,0.3412
20210730,96.685,99.0305,103.6701,30,90,0.3412
20210802,96.7817,99.1345,103.7886,30,90,0.3419
20210803,96.8133,99.1669,103.8225,30,90,0.3419
20210804,96.8433,99.1828,103.8103,30,90,0.34
20210805,96.875,99.2301,103.8886,30,90,0.3419
20210806,96.9083,99.2692,103.9391,30,90,0.3425
20210809,96.9967,99.3597,104.0339,30,90,0.3425
20210810,97.0283,99.3871,104.053,30,90,0.3419
20210811,97.0517,99.4012,104.0485,30,90,0.3406
20210812,97.0767,99.4367,104.1049,30,90,0.3419
20210813,97.105,99.4607,104.1205,30,90,0.3412
20210817,97.23,99.5987,104.2841,30,90,0.3425
20210818,97.265,99.6196,104.2772,30,90,0.3406
20210819,97.2883,99.6535,104.3318,30,90,0.3419
20210820,97.315,99.6708,104.3308,30,90,0.3406
20210823,97.4117,99.7799,104.4642,30,90,0.3419
20210824,97.4367,99.8005,104.4761,30,90,0.3412
20210825,97.4833,99.8532,104.541,30,90,0.3419
20210826,97.545,99.9114,104.5923,30,90,0.3412
20210827,97.5667,99.9336,104.6155,30,90,0.3412
20210830,97.7167,100.0923,104.7913,30,90,0.3419
20210831,97.7517,100.1281,104.8288,30,90,0.3419
20210901,97.78,100.1571,104.8591,30,90,0.3419
20210902,97.8333,100.2067,104.9014,30,90,0.3412
20210903,97.8683,100.2425,104.9389,30,90,0.3412
20210906,97.95,100.3413,105.0713,30,90,0.3431
20210907,97.9883,100.3705,105.0825,30,90,0.3419
20210908,98.0233,100.4113,105.135,30,90,0.3425
20210909,98.05,100.4337,105.1487,30,90,0.3419
20210910,98.0967,100.4715,105.1689,30,90,0.3406
20210913,98.2083,100.5958,105.3185,30,90,0.3419
20210914,98.22,100.5877,105.2711,30,90,0.3394
20210915,98.245,100.6234,105.3279,30,90,0.3406
20210916,98.3117,100.7068,105.4443,30,90,0.3425
20210917,98.3483,100.7342,105.4536,30,90,0.3412
20210920,98.4817,100.8759,105.6116,30,90,0.3419
20210921,98.4917,100.8811,105.6074,30,90,0.3412
20210922,98.505,100.8997,105.6366,30,90,0.3419
20210923,98.5183,100.9184,105.6659,30,90,0.3425
20210924,98.56,100.951,105.6806,30,90,0.3412
20210927,98.6683,101.062,105.7967,30,90,0.3412
20210928,98.6817,101.0757,105.8111,30,90,0.3412
20210929,98.705,101.1046,105.8511,30,90,0.3419
20210930,98.735,101.1353,105.8833,30,90,0.3419
20211001,98.7817,101.1832,105.9334,30,90,0.3419
20211004,98.885,101.2839,106.0291,30,90,0.3412
20211005,98.9,101.2942,106.0301,30,90,0.3406
20211006,98.9217,101.3316,106.0986,30,90,0.3425
20211007,98.945,101.3454,106.0934,30,90,0.3412
20211012,99.1,101.5041,106.2596,30,90,0.3412
20211013,99.125,101.5348,106.3015,30,90,0.3419
20211014,99.155,101.5554,106.3035,30,90,0.3406
20211015,99.185,101.5861,106.3356,30,90,0.3406
20211018,99.275,101.6885,106.4624,30,90,0.3419
20211019,99.305,101.7141,106.4794,30,90,0.3412
20211020,99.3383,101.7482,106.5151,30,90,0.3412
20211021,99.3683,101.784,106.5624,30,90,0.3419
20211022,99.3983,101.8198,106.6098,30,90,0.3425
20211025,99.4933,101.907,106.6813,30,90,0.3412
20211026,99.5267,101.9412,106.7171,30,90,0.3412
20211027,99.6167,102.0334,106.8136,30,90,0.3412
20211028,99.6917,102.1102,106.8941,30,90,0.3412
20211029,99.7217,102.1409,106.9262,30,90,0.3412
20211101,99.825,102.2569,107.0674,30,90,0.3425
20211102,99.8533,102.2757,107.0673,30,90,0.3412
20211103,99.9033,102.3269,107.1209,30,90,0.3412
20211104,99.9517,102.3816,107.1881,30,90,0.3419
20211105,99.9467,102.3816,107.1979,30,90,0.3425
20211108,100.05,102.4874,107.3087,30,90,0.3425
20211109,100.0983,102.5318,107.3453,30,90,0.3419
20211110,100.1433,102.5779,107.3935,30,90,0.3419
20211111,100.175,102.595,107.3817,30,90,0.34
20211112,100.2267,102.6582,107.4677,30,90,0.3412
20211115,100.2917,102.7247,107.5374,30,90,0.3412
20211116,100.3083,102.752,107.5858,30,90,0.3425
20211117,100.3583,102.7981,107.6241,30,90,0.3419
20211118,100.4067,102.8528,107.6913,30,90,0.3425
20211119,100.465,102.9074,107.7385,30,90,0.3419
20211123,100.595,103.0405,107.8779,30,90,0.3419
20211124,100.6233,103.0695,107.9083,30,90,0.3419
20211125,100.6833,103.1258,107.9573,30,90,0.3412
20211126,100.7583,103.2027,108.0377,30,90,0.3412
20211129,100.9233,103.382,108.2454,30,90,0.3425
20211130,100.925,103.3734,108.2165,30,90,0.3412
20211201,101.005,103.4605,108.3176,30,90,0.3419
20211202,101.07,103.5167,108.3565,30,90,0.3406
20211203,101.155,103.609,108.4631,30,90,0.3412
20211206,101.3233,103.7917,108.6744,30,90,0.3425
20211207,101.365,103.8241,108.6882,30,90,0.3412
20211209,101.5083,103.9812,108.8728,30,90,0.3425
20211210,101.58,104.0495,108.9343,30,90,0.3419
20211213,101.725,104.1928,109.0743,30,90,0.3412
20211214,101.7733,104.2579,109.1726,30,90,0.3431
20211215,101.83,104.3056,109.2024,30,90,0.3419
20211216,101.8883,104.3653,109.2649,30,90,0.3419
20211217,101.9667,104.4508,109.3645,30,90,0.3425
20211220,102.145,104.6335,109.5557,30,90,0.3425
20211221,102.2017,104.6915,109.6166,30,90,0.3425
20211222,102.2767,104.7631,109.6814,30,90,0.3419
20211223,102.33,104.823,109.7542,30,90,0.3425
20211227,102.5667,105.0654,110.008,30,90,0.3425
20211228,102.62,105.12,110.0652,30,90,0.3425
20211229,102.69,105.1865,110.1246,30,90,0.3419
20211230,102.75,105.2427,110.1733,30,90,0.3412
20220103,103.04,105.545,110.5,30,90,0.3419
20220104,103.08,105.5912,110.5586,30,90,0.3425
20220105,103.15,105.6629,110.6337,30,90,0.3425
20220106,103.23,105.7396,110.7037,30,90,0.3419
20220107,103.29,106.0707,111.571,30,90,0.3738
20220110,103.5083,106.316,111.8699,30,90,0.3762
20220111,103.5767,106.3651,111.8807,30,90,0.3738
20220112,103.6417,106.4371,111.9667,30,90,0.3744
20220113,103.7433,106.5415,112.0764,30,90,0.3744
20220114,103.8467,106.6636,112.2356,30,90,0.3762
20220117,104.07,106.9036,112.5087,30,90,0.3775
20220118,104.1867,107.0022,112.5713,30,90,0.375
20220119,104.2383,107.0605,112.643,30,90,0.3756
20220120,104.3033,107.1326,112.7291,30,90,0.3762
20220121,104.3533,107.1733,112.7513,30,90,0.375
20220124,104.5317,107.3672,112.976,30,90,0.3762
20220125,104.6033,107.4407,113.0533,30,90,0.3762
20220126,104.6833,107.5175,113.1238,30,90,0.3756
20220127,104.7583,107.5946,113.2049,30,90,0.3756
20220128,104.8267,107.6809,113.3267,30,90,0.3775
20220131,105.015,107.8636,113.4983,30,90,0.3762
20220201,105.135,107.9761,113.5959,30,90,0.375
20220202,105.2167,108.0654,113.7003,30,90,0.3756
20220203,105.31,108.1612,113.8011,30,90,0.3756
20220204,105.415,108.2691,113.9145,30,90,0.3756
20220207,105.695,108.5404,114.1688,30,90,0.3738
20220208,105.795,108.6485,114.2929,30,90,0.3744
20220209,105.905,108.7832,114.4763,30,90,0.3769
20220210,106.005,108.8696,114.536,30,90,0.375
20220211,106.1133,108.9863,114.6691,30,90,0.3756
20220214,106.3917,109.2668,114.9538,30,90,0.375
20220215,106.4767,109.365,115.0781,30,90,0.3762
20220216,106.575,109.4714,115.2006,30,90,0.3769
20220217,106.6767,109.5704,115.2942,30,90,0.3762
20220218,106.7783,109.8769,116.0062,30,90,0.3994
20220221,107.055,110.1562,116.2905,30,90,0.3987
20220222,107.1567,110.2773,116.45,30,90,0.4006
20220223,107.3,110.4248,116.6057,30,90,0.4006
20220224,107.3933,110.5098,116.6744,30,90,0.3994
20220225,107.4417,110.5596,116.7269,30,90,0.3994
20220302,107.935,111.0838,117.3122,30,90,0.4012
20220303,108.0383,111.1846,117.408,30,90,0.4006
20220304,108.1617,111.2839,117.4597,30,90,0.3975
20220307,108.4517,111.61,117.8573,30,90,0.4006
20220308,108.5567,111.7125,117.9548,30,90,0.4
20220309,108.6767,111.8249,118.0521,30,90,0.3987
20220310,108.7833,111.9513,118.2176,30,90,0.4006
20220311,108.8867,112.0465,118.2968,30,90,0.3994
20220314,109.21,112.3736,118.6314,30,90,0.3987
20220315,109.305,112.4826,118.7679,30,90,0.4
20220316,109.4267,112.6134,118.9168,30,90,0.4006
20220317,109.52,112.7206,119.0516,30,90,0.4019
20220318,109.6367,112.8295,119.1451,30,90,0.4006
20220321,109.9917,113.1892,119.5141,30,90,0.4
20220322,110.0717,113.2603,119.5675,30,90,0.3987
20220323,110.185,113.546,120.1944,30,90,0.4175
20220325,110.39,113.7742,120.4685,30,90,0.4194
20220328,110.7033,114.1028,120.8272,30,90,0.42
20220329,110.8033,114.2002,120.9195,30,90,0.4194
20220330,110.9167,114.3228,121.0601,30,90,0.42
20220331,110.9783,114.3692,121.0766,30,90,0.4181
20220401,111.125,114.5375,121.2875,30,90,0.42
20220404,111.5583,114.9841,121.7604,30,90,0.42
20220405,111.6983,115.1398,121.9473,30,90,0.4213
20220406,111.8433,115.2893,122.1056,30,90,0.4213
20220407,111.9783,115.4112,122.2018,30,90,0.4194
20220408,112.13,115.5676,122.3673,30,90,0.4194
20220411,112.5917,116.0492,122.8883,30,90,0.42
20220412,112.735,116.1854,123.0104,30,90,0.4188
20220413,112.9133,116.3691,123.2049,30,90,0.4188
20220418,113.6617,117.3906,124.7665,30,90,0.4456
20220419,113.7867,117.4906,124.817,30,90,0.4425
20220420,113.9483,117.6632,125.0116,30,90,0.4431
20220421,114.1067,117.8326,125.2028,30,90,0.4437
20220422,114.2517,117.9765,125.3445,30,90,0.4431
20220425,114.695,118.446,125.8658,30,90,0.4444
20220426,114.8417,118.6152,126.0793,30,90,0.4462
20220427,115.005,118.7779,126.241,30,90,0.4456
20220428,115.1733,118.9459,126.4082,30,90,0.445
20220429,115.3117,119.077,126.5249,30,90,0.4437
20220502,115.7517,119.5551,127.0783,30,90,0.4462
20220503,115.875,119.6646,127.1607,30,90,0.4444
20220504,116.015,119.8092,127.3143,30,90,0.4444
20220505,116.1583,119.975,127.5247,30,90,0.4462
20220506,116.305,120.1206,127.668,30,90,0.4456
20220509,116.755,120.5913,128.1798,30,90,0.4462
20220510,116.915,120.7326,128.2842,30,90,0.4437
20220511,117.0883,120.9356,128.5457,30,90,0.4462
20220512,117.2517,121.0983,128.7072,30,90,0.4456
20220513,117.4067,121.4327,129.3963,30,90,0.4637
20220516,117.8717,121.8473,129.7112,30,90,0.4569
20220517,118.0383,122.098,130.1284,30,90,0.465
20220519,118.3583,122.4351,130.4992,30,90,0.4656
20220520,118.4917,122.5549,130.5921,30,90,0.4637
20220523,118.9483,123.0332,131.1135,30,90,0.4644
20220524,119.1017,123.1858,131.2644,30,90,0.4637
20220526,119.4167,123.5238,131.648,30,90,0.465
20220527,119.5583,123.6642,131.7859,30,90,0.4644
20220530,120.005,124.1324,132.2965,30,90,0.465
20220531,120.1617,124.2268,132.2678,30,90,0.4581
20220601,120.325,124.4819,132.7043,30,90,0.4669
20220602,120.4683,124.6116,132.8073,30,90,0.465
20220603,120.6283,124.7709,132.9653,30,90,0.4644
20220606,121.1083,125.286,133.5498,30,90,0.4662
20220607,121.2783,125.4557,133.7187,30,90,0.4656
20220608,121.455,125.6447,133.9321,30,90,0.4662
20220609,121.625,125.8081,134.0825,30,90,0.465
20220610,121.7933,125.9884,134.2866,30,90,0.4656
20220613,122.2983,126.5171,134.862,30,90,0.4662
20220614,122.475,126.6685,134.9635,30,90,0.4631
20220615,122.69,126.9097,135.2565,30,90,0.465
20220616,122.895,127.1406,135.5387,30,90,0.4669
20220621,123.685,128.3757,137.6542,30,90,0.5081
20220622,123.8617,128.5465,137.8131,30,90,0.5069
20220623,124.0333,128.7309,138.023,30,90,0.5075
20220624,124.255,128.9355,138.1939,30,90,0.505
20220627,124.705,129.4344,138.7894,30,90,0.5081
20220628,124.875,129.5853,138.9025,30,90,0.5056
20220629,125.045,129.7809,139.1488,30,90,0.5075
20220630,125.215,129.9445,139.2998,30,90,0.5062
20220701,125.4117,130.1808,139.6142,30,90,0.5094
20220704,125.9883,130.7728,140.2369,30,90,0.5088
20220705,126.1833,130.9623,140.4155,30,90,0.5075
20220706,126.3783,131.197,140.7288,30,90,0.5106
20220707,126.57,131.3701,140.8651,30,90,0.5081
20220708,126.7783,131.6058,141.1549,30,90,0.51
20220711,127.3717,132.2218,141.8156,30,90,0.51
20220712,127.5733,132.405,141.9622,30,90,0.5075
20220713,127.7933,132.6464,142.246,30,90,0.5088
20220714,128.0167,132.8914,142.5337,30,90,0.51
20220715,128.2317,133.1014,142.734,30,90,0.5088
20220718,128.8983,133.7867,143.4563,30,90,0.5081
20220719,129.1267,134.0172,143.6908,30,90,0.5075
20220720,129.39,134.2706,143.9247,30,90,0.5056
20220721,129.61,134.5453,144.3077,30,90,0.51
20220722,129.76,134.6745,144.3956,30,90,0.5075
20220725,130.4033,135.3355,145.0916,30,90,0.5069
20220726,130.6233,135.5437,145.2766,30,90,0.505
20220727,130.8933,135.8641,145.6966,30,90,0.5088
20220728,131.125,136.118,145.9945,30,90,0.51
20220729,131.2267,136.7206,147.5878,30,90,0.5563
20220801,131.935,137.5531,148.666,30,90,0.565
20220802,132.1783,137.685,148.5775,30,90,0.5537
20220803,132.41,138.0348,149.1608,30,90,0.5637
20220804,132.6417,138.2559,149.3612,30,90,0.5619
20220805,132.8867,138.5249,149.6776,30,90,0.5631
20220808,133.56,139.2541,150.5174,30,90,0.5656
20220809,133.8033,139.4188,150.5264,30,90,0.5575
20220810,134.0383,139.7116,150.9338,30,90,0.5619
20220811,134.2283,139.9509,151.2705,30,90,0.5656
20220812,134.5183,141.0175,153.8732,30,90,0.635
20220816,135.395,141.9643,154.9586,30,90,0.6375
20220817,135.57,142.12,155.0762,30,90,0.635
20220818,135.7733,142.3192,155.2674,30,90,0.6338
20220819,136.06,142.5501,155.3879,30,90,0.6275
20220822,136.685,143.3588,156.56,30,90,0.6412
20220823,136.9033,143.4687,156.4553,30,90,0.6306
20220824,137.145,143.757,156.836,30,90,0.6338
20220825,137.3933,144.0103,157.099,30,90,0.6331
20220826,137.6517,144.2952,157.4365,30,90,0.6344
20220829,138.325,145.0223,158.2698,30,90,0.6362
20220830,138.5717,145.2383,158.4253,30,90,0.6325
20220831,138.7133,145.4578,158.7986,30,90,0.6388
20220901,139.005,145.849,159.3868,30,90,0.6462
20220905,140.2,147.0526,160.6074,30,90,0.6419
20220906,140.5783,147.3055,160.6123,30,90,0.6294
20220907,140.82,147.6597,161.1889,30,90,0.6381
20220908,141.1767,148.0048,161.5111,30,90,0.6356
20220909,141.375,148.2272,161.7811,30,90,0.6369
20220912,142.275,149.229,162.9845,30,90,0.6419
20220913,142.575,149.5145,163.2412,30,90,0.6394
20220914,142.875,149.8218,163.5629,30,90,0.6388
20220915,143.1817,150.1654,163.9795,30,90,0.6406
20220916,143.4967,150.9805,165.7838,30,90,0.6819
20220919,144.345,151.9321,166.9399,30,90,0.6869
20220920,144.6317,152.2339,167.2714,30,90,0.6869
20220921,144.9033,152.6384,167.9389,30,90,0.6969
20220922,145.1683,152.7913,167.8699,30,90,0.6863
20220923,145.4583,153.1114,168.2496,30,90,0.6875
20220926,146.2633,154.0186,169.3591,30,90,0.6925
20220927,146.5583,154.2093,169.3432,30,90,0.6825
20220928,146.8383,154.5941,169.9353,30,90,0.69
20220929,147.09,154.8741,170.2715,30,90,0.6913
20220930,147.315,155.111,170.5319,30,90,0.6913
20221003,148.2433,156.1719,171.8551,30,90,0.6981
20221004,148.5767,156.3939,171.8566,30,90,0.6875
20221005,148.9133,156.8396,172.5183,30,90,0.695
20221006,149.1983,157.0329,172.5301,30,90,0.6863
20221011,150.7283,158.7898,174.7359,30,90,0.6981
20221012,151.0267,159.0732,174.9897,30,90,0.6956
20221013,151.3217,159.3607,175.2623,30,90,0.6937
20221014,151.6283,159.606,175.3863,30,90,0.6875
20221017,152.53,160.641,176.6851,30,90,0.6944
20221018,152.825,160.8031,176.5842,30,90,0.6825
20221019,153.165,161.2157,177.1405,30,90,0.6869
20221020,153.5,161.5605,177.5045,30,90,0.6863
20221021,153.8117,161.9515,178.0525,30,90,0.6913
20221024,154.7367,162.9255,179.1233,30,90,0.6913
20221025,155.0533,163.1477,179.1589,30,90,0.6825
20221026,155.3967,163.6363,179.9347,30,90,0.6925
20221027,155.6983,163.9141,180.1653,30,90,0.6894
20221028,156.0167,164.2333,180.4861,30,90,0.6881
20221031,156.895,165.2462,181.7652,30,90,0.695
20221101,157.235,165.556,182.0153,30,90,0.6913
20221102,157.5933,166.022,182.6943,30,90,0.6981
20221103,157.94,166.2498,182.687,30,90,0.6875
20221104,158.2667,166.7071,183.4026,30,90,0.6963
20221107,159.33,167.8026,184.5619,30,90,0.6944
20221108,159.7083,168.152,184.8541,30,90,0.6906
20221109,160.0467,168.4264,185.0018,30,90,0.6844
20221110,160.3633,168.9812,186.0277,30,90,0.7013
20221111,160.7067,169.3266,186.3771,30,90,0.7
20221114,161.7617,170.3968,187.4773,30,90,0.6969
20221115,162.1283,170.6419,187.4821,30,90,0.6863
20221116,162.4567,171.0707,188.1095,30,90,0.6925
20221117,162.795,171.3519,188.2779,30,90,0.6869
20221118,163.1467,171.7054,188.6349,30,90,0.6856
20221122,164.5233,173.2974,190.6529,30,90,0.6963
20221123,164.8467,173.5874,190.8769,30,90,0.6925
20221124,165.2133,173.855,190.9488,30,90,0.6837
20221125,165.5883,174.3598,191.7104,30,90,0.6919
20221128,166.625,175.4685,192.9614,30,90,0.6931
20221129,166.955,175.6793,192.9364,30,90,0.6831
20221130,167.255,176.1576,193.7674,30,90,0.695
20221201,167.685,176.5504,194.0867,30,90,0.6906
20221202,168.0933,176.9717,194.5337,30,90,0.69
20221205,169.135,178.1983,196.1259,30,90,0.6994
20221206,169.5083,178.4788,196.2229,30,90,0.6913
20221207,169.8683,178.8926,196.7432,30,90,0.6937
20221212,171.425,180.6549,198.912,30,90,0.7025
20221213,171.7617,180.913,199.0147,30,90,0.6956
20221214,172.1,181.2605,199.3804,30,90,0.695
20221215,172.425,181.5234,199.5204,30,90,0.6894
20221216,172.73,181.9329,200.1366,30,90,0.6956
20221219,173.645,182.87,201.1174,30,90,0.6937
20221220,173.9317,183.1274,201.3169,30,90,0.6906
20221221,174.25,183.4358,201.6057,30,90,0.6887
20221222,174.5883,183.9081,202.343,30,90,0.6969
20221223,174.8483,184.1193,202.4578,30,90,0.6925
20221226,175.745,185.0995,203.6032,30,90,0.695
20221227,176.0717,185.2994,203.5523,30,90,0.685
20221228,176.38,185.7322,204.2314,30,90,0.6925
20221229,176.7433,186.0515,204.4635,30,90,0.6881
20221230,177.1283,186.5383,205.1518,30,90,0.6937
20230102,178.1417,187.6056,206.3255,30,90,0.6937
20230103,178.4317,187.7831,206.2807,30,90,0.685
20230104,178.6533,188.2083,207.1087,30,90,0.6981
20230105,178.94,188.4463,207.2501,30,90,0.6937
20230106,179.2433,188.7565,207.5741,30,90,0.6931
20230109,180.1367,189.6973,208.6087,30,90,0.6931
20230110,180.4017,189.9025,208.6956,30,90,0.6881
20230111,180.6883,190.4077,209.6331,30,90,0.7019
20230112,180.97,190.6675,209.8496,30,90,0.6994
20230113,181.28,190.9662,210.1261,30,90,0.6975
20230116,182.1633,191.934,211.2611,30,90,0.7
20230117,182.4917,192.2147,211.4472,30,90,0.6956
20230118,182.8033,192.4961,211.6689,30,90,0.6925
20230119,183.125,192.8255,212.0135,30,90,0.6919
20230120,183.4367,193.1349,212.3185,30,90,0.6906
20230123,184.3733,194.3381,214.0489,30,90,0.705
20230124,184.6867,194.451,213.7653,30,90,0.6906
20230125,185.005,194.9471,214.6131,30,90,0.7013
20230126,185.315,195.1315,214.549,30,90,0.6919
20230127,185.63,195.3397,214.5459,30,90,0.6837
20230130,186.5783,196.624,216.495,30,90,0.7025
20230131,186.875,196.8028,216.4405,30,90,0.6937
20230201,187.3083,197.3262,217.1422,30,90,0.6981
20230202,187.6133,197.5515,217.2099,30,90,0.6919
20230203,187.95,197.9542,217.7429,30,90,0.695
20230206,189.095,199.2472,219.3288,30,90,0.7006
20230207,189.4567,199.512,219.4018,30,90,0.6931
20230208,189.8633,199.9693,219.9595,30,90,0.695
20230209,190.2033,200.3858,220.5273,30,90,0.6987
20230210,190.5283,200.7867,221.0784,30,90,0.7025
20230213,191.64,202.0465,222.6312,30,90,0.7081
20230214,192.02,202.231,222.4288,30,90,0.6944
20230215,192.375,202.6442,222.9573,30,90,0.6969
20230216,192.7833,203.0842,223.4599,30,90,0.6975
20230217,193.1933,203.5062,223.9057,30,90,0.6969
20230222,194.98,205.518,226.3628,30,90,0.705
20230223,195.35,205.7281,226.2564,30,90,0.6937
20230224,195.7383,206.2472,227.0343,30,90,0.7006
20230227,196.8117,207.3278,228.1293,30,90,0.6975
20230228,197.1533,207.6272,228.345,30,90,0.6937
20230301,197.56,208.2071,229.2677,30,90,0.7031
20230302,197.8867,208.4603,229.3754,30,90,0.6975
20230303,198.26,208.9246,230.0196,30,90,0.7019
20230306,199.345,210.0781,231.3088,30,90,0.7025
20230307,199.6717,210.3202,231.3835,30,90,0.6963
20230308,200.0267,210.8068,232.1303,30,90,0.7031
20230309,200.3567,211.1135,232.3911,30,90,0.7006
20230310,200.7217,211.4262,232.6003,30,90,0.6963
20230313,201.8017,212.6671,234.1594,30,90,0.7025
20230314,202.1483,213.0013,234.4692,30,90,0.7006
20230315,202.5217,213.4777,235.1492,30,90,0.7056
20230316,202.955,213.8721,235.4667,30,90,0.7019
20230317,203.34,214.5588,236.7502,30,90,0.7188
20230320,204.4967,215.8003,238.1593,30,90,0.72
20230321,204.9633,216.2192,238.484,30,90,0.7156
20230322,205.395,216.6431,238.8924,30,90,0.7137
20230323,205.79,217.0071,239.195,30,90,0.7106
20230327,207.4017,219.1524,242.396,30,90,0.7369
20230328,207.84,219.3815,242.2113,30,90,0.7231
20230329,208.2533,219.7858,242.5977,30,90,0.7212
20230330,208.5983,220.1179,242.9043,30,90,0.7194
20230331,208.9883,220.615,243.6132,30,90,0.7244
20230403,210.33,222.0744,245.3054,30,90,0.7269
20230404,210.8,222.4304,245.4359,30,90,0.7188
20230405,211.235,223.0083,246.2965,30,90,0.7256
20230410,213.3283,225.3275,249.0625,30,90,0.7319
20230411,213.7983,225.6926,249.2201,30,90,0.7244
20230412,214.25,226.2572,250.0079,30,90,0.7294
20230413,214.665,226.6734,250.4267,30,90,0.7281
20230414,215.095,227.1825,251.0923,30,90,0.7312
20230417,216.3583,228.5611,252.6989,30,90,0.7338
20230418,216.8883,228.9767,252.8882,30,90,0.7256
20230419,217.47,229.6687,253.7985,30,90,0.73
20230420,218.025,230.266,254.4794,30,90,0.7306
20230421,218.5083,230.9107,255.4432,30,90,0.7381
20230424,220.235,232.9044,257.9653,30,90,0.7475
20230425,220.8733,233.4325,258.2753,30,90,0.7394
20230426,221.5517,234.5917,260.3855,30,90,0.7638
20230427,222.02,235.0648,260.8682,30,90,0.7625
20230428,222.575,237.7029,267.6268,30,90,0.875
20230502,224.625,239.8923,270.0917,30,90,0.875
20230503,225.0917,240.3907,270.6529,30,90,0.875
20230504,225.6583,240.9496,271.1966,30,90,0.8725
20230505,226.1917,241.5886,272.0445,30,90,0.8762
20230508,227.575,243.1127,273.8469,30,90,0.8788
20230509,228.0583,243.2905,273.4205,30,90,0.8606
20230510,228.5083,244.1682,275.1441,30,90,0.8819
20230511,228.9917,244.6612,275.6564,30,90,0.8806
20230512,229.3333,244.991,275.9627,30,90,0.8788
20230515,230.6417,246.6012,278.17,30,90,0.89
20230516,231.175,247.905,280.9977,30,90,0.9287
20230517,231.65,248.4499,281.681,30,90,0.9306
20230518,232.2417,249.0964,282.4359,30,90,0.9313
20230519,232.7417,249.454,282.5119,30,90,0.9219
20230522,234.4083,251.2163,284.4634,30,90,0.9206
20230523,234.9167,251.701,284.9013,30,90,0.9175
20230524,235.6333,252.4206,285.6268,30,90,0.915
20230529,238.2583,255.5619,289.7892,30,90,0.9319
20230530,238.7917,255.9629,289.9284,30,90,0.9231
20230531,239.325,256.4611,290.3571,30,90,0.9194
20230601,240.0667,257.4525,291.8424,30,90,0.9294
20230602,240.7417,258.0778,292.3694,30,90,0.9244
20230605,242.55,260.128,294.8982,30,90,0.93
20230606,243.175,260.7112,295.3987,30,90,0.9256
20230607,243.8083,261.3527,296.0565,30,90,0.9237
20230608,244.3333,261.828,296.4333,30,90,0.9194
20230609,244.9667,262.6697,297.6871,30,90,0.9275
20230612,246.7833,264.706,300.158,30,90,0.9319
20230613,247.2917,265.0108,300.0602,30,90,0.92
20230614,247.8,265.657,300.9791,30,90,0.925
20230615,248.5833,266.4968,301.9305,30,90,0.925
20230616,249.1583,267.1132,302.6289,30,90,0.925
20230621,252.0083,270.2331,306.2826,30,90,0.9281
20230622,252.5083,270.6141,306.4285,30,90,0.9206
20230623,252.9917,271.0286,306.7066,30,90,0.9156
20230626,254.5417,272.8324,309.0125,30,90,0.9225
20230627,255.1667,273.3717,309.3823,30,90,0.9163
20230628,255.8417,274.4092,311.1366,30,90,0.9313
20230629,256.2417,274.7202,311.2715,30,90,0.9256
20230630,256.675,275.119,311.6023,30,90,0.9225
20230703,257.975,276.7369,313.8489,30,90,0.9331
20230704,259.15,277.7851,314.6464,30,90,0.9231
20230705,259.8,278.7079,316.1088,30,90,0.9337
20230706,260.325,279.2045,316.5492,30,90,0.9306
20230707,260.9833,279.8304,317.111,30,90,0.9269
20230710,262.65,281.7788,319.6165,30,90,0.9344
20230711,263.3167,282.3188,319.9061,30,90,0.9263
20230712,263.9333,283.0745,320.9368,30,90,0.9306
20230713,264.5167,283.6731,321.5655,30,90,0.9294
20230714,265.1417,284.3298,322.2849,30,90,0.9287
20230717,266.7917,286.1675,324.4939,30,90,0.9319
20230718,267.5833,286.7701,324.7225,30,90,0.9206
20230719,268.225,287.4441,325.4604,30,90,0.92
20230720,268.775,287.8822,325.6771,30,90,0.9131
20230721,269.4167,288.859,327.317,30,90,0.9263
20230724,271.1917,290.7344,329.3908,30,90,0.925
20230725,271.6667,291.1185,329.5951,30,90,0.9194
20230726,272.4,291.8903,330.4432,30,90,0.9187
20230727,273.0,292.4774,331.0046,30,90,0.9163
20230728,273.6333,293.45,332.6483,30,90,0.9294
20230731,275.2833,295.2054,334.6122,30,90,0.9287
20230801,276.1417,295.9704,335.1927,30,90,0.9219
20230802,277.3417,297.4979,337.3679,30,90,0.9325
20230803,278.2833,298.4794,338.4285,30,90,0.9313
20230804,279.3167,299.6164,339.7704,30,90,0.9325
20230807,283.15,303.6993,344.347,30,90,0.9313
20230808,284.1917,304.4676,344.5743,30,90,0.9163
20230809,285.175,305.8713,346.8097,30,90,0.9313
20230810,286.1917,306.8593,347.7408,30,90,0.9269
20230811,287.2917,308.1269,349.3401,30,90,0.9306
20230814,349.975,375.9652,427.3751,30,90,0.9519
20230815,350.0083,381.2138,442.94,30,90,1.1338
20230816,350.0,381.2944,443.1962,30,90,1.1369
20230817,349.975,381.0701,442.5778,30,90,1.13
20230818,350.0167,380.9005,441.9903,30,90,1.1225
20230822,350.0083,381.0884,442.5666,30,90,1.1294
20230823,349.975,381.0522,442.5244,30,90,1.1294
20230824,349.975,381.0522,442.5244,30,90,1.1294
20230825,349.975,381.088,442.6311,30,90,1.1306
20230828,349.9917,381.3928,443.5058,30,90,1.1406
20230829,349.975,380.9268,442.151,30,90,1.125
20230830,349.975,381.2313,443.0579,30,90,1.1356
20230831,350.0167,381.2409,443.004,30,90,1.1344
20230901,350.0,381.4377,443.623,30,90,1.1419
20230904,350.025,381.5724,443.9748,30,90,1.1456
20230905,349.9917,381.3749,443.4524,30,90,1.14
20230906,350.0,381.3481,443.3563,30,90,1.1387
20230907,349.9917,381.2674,443.1324,30,90,1.1362
20230908,349.975,381.4283,443.6446,30,90,1.1425
20230911,349.9833,381.5448,443.9752,30,90,1.1462
20230912,349.975,381.3746,443.4846,30,90,1.1406
20230913,349.975,381.697,444.4448,30,90,1.1519
20230914,349.975,381.285,443.2179,30,90,1.1375
20230915,349.9917,381.3391,443.3457,30,90,1.1387
20230918,349.9917,381.2853,443.1857,30,90,1.1369
20230919,349.9833,381.0254,442.4283,30,90,1.1281
20230920,350.0,380.9898,442.2893,30,90,1.1262
20230921,349.9833,381.2403,443.0684,30,90,1.1356
20230922,350.025,381.2858,443.1212,30,90,1.1356
20230925,350.0083,381.0705,442.5132,30,90,1.1287
20230926,350.025,380.9633,442.1609,30,90,1.1244
20230927,350.025,381.3574,443.3346,30,90,1.1381
20230928,350.025,381.1783,442.8011,30,90,1.1319
20230929,350.0083,381.3571,443.3668,30,90,1.1387
20231002,350.025,381.5366,443.8681,30,90,1.1444
20231003,350.025,381.0708,442.481,30,90,1.1281
20231004,350.025,381.5545,443.9214,30,90,1.145
20231005,350.025,381.4112,443.4946,30,90,1.14
20231006,350.025,381.4112,443.4946,30,90,1.14
20231009,350.025,381.5366,443.8681,30,90,1.1444
20231010,350.025,381.2858,443.1212,30,90,1.1356
20231011,350.025,381.6261,444.1348,30,90,1.1475
20231012,350.025,381.4291,443.548,30,90,1.1406
20231017,350.0167,385.8806,456.8213,30,90,1.2962
20231018,350.025,385.8181,456.6188,30,90,1.2937
20231019,350.025,385.6211,456.0319,30,90,1.2869
20231020,350.025,385.6569,456.1386,30,90,1.2881
20231023,350.0,385.5398,455.8393,30,90,1.285
20231024,350.025,385.2807,455.0183,30,90,1.275
20231025,350.0167,385.4865,455.6477,30,90,1.2825
20231026,350.0083,385.4594,455.5834,30,90,1.2819
20231027,350.0083,385.6564,456.1702,30,90,1.2888
20231030,350.025,385.6211,456.0319,30,90,1.2869
20231031,350.0083,385.5668,455.9035,30,90,1.2856
20231101,349.9917,385.7814,456.5753,30,90,1.2937
20231102,350.025,385.5494,455.8185,30,90,1.2844
20231103,350.025,385.9614,457.0456,30,90,1.2988
20231107,350.025,385.8898,456.8322,30,90,1.2962
20231108,350.025,385.9256,456.9389,30,90,1.2975
20231109,350.025,385.7106,456.2987,30,90,1.29
20231110,350.0,385.916,456.9596,30,90,1.2981
20231113,350.025,386.0868,457.419,30,90,1.3031
20231114,350.025,385.5136,455.7118,30,90,1.2831
20231115,353.0083,388.7813,459.5421,30,90,1.2825
20231116,353.475,389.7656,461.5504,30,90,1.2988
20231117,354.0083,390.1725,461.7072,30,90,1.2925
20231121,356.025,392.5592,464.8258,30,90,1.2981
20231122,356.5083,392.9826,465.1308,30,90,1.2944
20231123,357.0083,393.278,465.0213,30,90,1.2856
20231124,357.525,394.0485,466.2938,30,90,1.2925
20231127,359.025,395.7752,468.469,30,90,1.295
20231128,359.525,396.2896,469.0118,30,90,1.2937
20231129,360.0083,396.8039,469.5874,30,90,1.2931
20231130,360.525,397.5395,470.756,30,90,1.2988
20231201,361.025,398.1832,471.684,30,90,1.3019
20231204,362.525,399.6706,473.1465,30,90,1.2962
20231205,363.025,400.0546,473.301,30,90,1.2906
20231206,363.55,400.6517,474.0409,30,90,1.2913
20231207,364.4083,401.8961,476.0488,30,90,1.3013
20231211,366.0,403.5766,477.905,30,90,1.2988
20231212,366.5,404.0904,478.4461,30,90,1.2975
20231213,799.975,881.6976,1043.349,30,90,1.2925
20231214,800.525,881.4024,1041.3821,30,90,1.2788
20231215,801.075,882.254,1042.8301,30,90,1.2825
20231218,802.625,885.0702,1048.1509,30,90,1.2994
20231219,803.175,874.5367,1015.6937,30,90,1.13
20231220,803.725,872.9965,1010.0191,30,90,1.0975
20231221,804.225,873.6631,1011.0152,30,90,1.0994
20231222,804.775,874.0134,1010.9707,30,90,1.0956
20231226,806.8833,876.1379,1013.1272,30,90,1.0931
20231227,807.425,876.4369,1012.9459,30,90,1.0888
20231228,807.975,877.1166,1013.8822,30,90,1.09
20231229,808.4833,878.1649,1015.9988,30,90,1.0975
20240102,810.65,879.3567,1015.262,30,90,1.08
20240103,811.15,880.6463,1018.1136,30,90,1.0913
20240104,811.75,881.3808,1019.1141,30,90,1.0925
20240105,812.25,881.8405,1019.4943,30,90,1.0913
20240108,813.85,883.2027,1020.3861,30,90,1.0856
20240109,814.35,884.5373,1023.3713,30,90,1.0975
20240110,814.95,884.2296,1021.2684,30,90,1.0831
20240111,815.45,885.5651,1024.2565,30,90,1.095
20240112,816.05,886.1332,1024.7613,30,90,1.0938
20240115,817.65,888.038,1027.2691,30,90,1.0962
20240116,818.15,888.6648,1028.1466,30,90,1.0975
20240117,818.65,889.0822,1028.4006,30,90,1.0956
20240118,819.25,889.7757,1029.2792,30,90,1.0962
20240119,819.75,890.3607,1030.0324,30,90,1.0969
20240122,821.45,891.5345,1030.1652,30,90,1.0869
20240123,821.95,892.7502,1032.7967,30,90,1.0969
20240124,822.45,893.4196,1033.801,30,90,1.0987
20240125,823.05,893.3552,1032.4226,30,90,1.0881
20240126,823.55,893.3921,1031.5435,30,90,1.0806
20240129,825.25,895.8699,1035.5596,30,90,1.09
20240130,825.75,896.1591,1035.4319,30,90,1.0862
20240131,826.25,897.4206,1038.1997,30,90,1.0969
20240201,826.85,896.8874,1035.4249,30,90,1.0794
20240202,827.35,898.0649,1037.9426,30,90,1.0888
20240205,829.05,899.3161,1038.3062,30,90,1.08
20240206,829.55,900.1557,1039.8175,30,90,1.0844
20240207,830.15,901.1042,1041.4553,30,90,1.0888
20240208,830.65,902.0296,1043.222,30,90,1.0944
20240209,831.25,901.6175,1040.8081,30,90,1.0788
20240214,833.95,904.7595,1044.8243,30,90,1.0819
20240215,834.5667,906.411,1048.5226,30,90,1.0962
20240216,835.05,906.594,1048.1116,30,90,1.0913
20240219,836.75,908.5681,1050.628,30,90,1.0931
20240220,837.25,909.2824,1051.7662,30,90,1.0956
20240221,837.85,908.9478,1049.5828,30,90,1.0813
20240222,838.35,910.477,1053.1481,30,90,1.0956
20240223,838.95,910.914,1053.2625,30,90,1.0925
20240226,840.65,912.4586,1054.4998,30,90,1.0881
20240227,841.15,913.8193,1057.5629,30,90,1.1
20240228,841.75,913.8249,1056.3928,30,90,1.0906
20240229,842.25,914.2815,1056.7636,30,90,1.0894
20240301,842.75,914.738,1057.134,30,90,1.0881
20240304,844.25,916.4526,1059.273,30,90,1.0894
20240305,845.25,917.5381,1060.5277,30,90,1.0894
20240306,845.75,918.2973,1061.7995,30,90,1.0925
20240307,846.25,918.0172,1059.9766,30,90,1.0806
20240308,846.75,919.1664,1062.4097,30,90,1.0894
20240311,848.25,920.5776,1063.6453,30,90,1.0862
20240312,848.75,897.3154,993.3802,30,90,0.7438
20240313,849.75,897.0679,990.6651,30,90,0.725
20240314,850.25,897.5087,990.9888,30,90,0.7238
20240315,850.75,897.514,990.0155,30,90,0.7163
20240318,852.25,898.7475,990.7219,30,90,0.7113
20240319,852.75,899.2311,991.1731,30,90,0.7106
20240320,853.25,899.8894,992.1444,30,90,0.7125
20240321,854.25,901.6436,995.3905,30,90,0.7225
20240322,854.75,901.5151,994.0189,30,90,0.7131
20240325,856.25,903.141,995.8938,30,90,0.7137
20240326,856.75,903.5368,996.0836,30,90,0.7119
20240327,857.4167,904.0205,996.2053,30,90,0.7087
20240403,861.25,907.974,1000.3965,30,90,0.7075
20240404,861.75,909.0304,1002.5535,30,90,0.715
20240405,862.75,909.997,1003.4539,30,90,0.7137
20240408,864.25,911.6676,1005.462,30,90,0.715
20240409,864.75,911.7524,1004.7256,30,90,0.7087
20240410,865.25,911.5268,1003.0646,30,90,0.6981
20240411,865.75,910.6799,999.5536,30,90,0.6787
20240412,866.75,907.1626,987.101,30,90,0.6144
20240415,868.25,908.6437,988.5446,30,90,0.6131
20240416,868.75,909.167,989.1138,30,90,0.6131
20240417,869.25,909.4678,989.0207,30,90,0.61
20240418,869.75,910.5696,991.3129,30,90,0.6181
20240419,870.75,910.9926,990.5946,30,90,0.6094
20240422,872.25,912.4727,992.0352,30,90,0.6081
20240423,872.75,913.1297,993.0029,30,90,0.61
20240424,873.25,913.8316,994.1042,30,90,0.6125
20240425,873.75,910.9562,984.5521,30,90,0.565
20240426,874.75,907.8352,973.2794,30,90,0.5069
20240429,876.4167,909.6546,975.401,30,90,0.5081
20240430,876.75,910.0006,975.7719,30,90,0.5081
20240502,878.25,909.4448,971.1498,30,90,0.4788
20240503,878.75,904.9704,956.8356,30,90,0.4094
20240506,880.25,906.0646,957.1273,30,90,0.4031
20240507,880.75,906.6694,957.9394,30,90,0.4044
20240508,881.75,907.2025,957.5487,30,90,0.3975
20240509,882.25,907.9878,958.8985,30,90,0.4012
20240510,882.75,907.9602,957.8274,30,90,0.3937
20240513,884.25,909.7746,960.2636,30,90,0.3975
20240514,885.25,910.3957,960.1352,30,90,0.3919
20240515,885.75,906.0593,946.232,30,90,0.325
20240516,886.25,906.2532,945.8206,30,90,0.3206
20240517,886.75,906.1291,944.462,30,90,0.3119
20240520,888.75,908.7187,948.2177,30,90,0.3194
20240521,889.25,909.1844,948.6157,30,90,0.3187
20240522,889.75,909.4679,948.471,30,90,0.3156
20240523,890.25,909.2955,946.9686,30,90,0.3063
20240524,890.75,910.946,950.8946,30,90,0.3219
20240527,892.75,912.5801,951.805,30,90,0.3162
20240528,893.25,913.1369,952.4743,30,90,0.3169
20240529,893.75,914.1512,954.5059,30,90,0.3237
20240530,894.25,914.4796,954.4947,30,90,0.3212
20240531,895.25,916.4186,958.2911,30,90,0.3337
20240603,896.4167,916.6494,956.6707,30,90,0.3206
20240604,896.9167,917.3902,957.8878,30,90,0.3237
20240605,898.25,918.8919,959.7225,30,90,0.3256
20240606,898.5,919.3775,960.6743,30,90,0.3287
20240607,899.0833,920.0204,961.435,30,90,0.3294
20240610,901.1667,921.276,961.0532,30,90,0.3175
20240611,902.1667,924.4223,968.445,30,90,0.3463
20240612,902.25,923.6303,965.9215,30,90,0.3344
20240613,902.5833,924.11,966.691,30,90,0.3362
20240614,902.6667,924.334,967.1931,30,90,0.3381
20240618,905.4167,926.2696,967.5177,30,90,0.3262
20240619,906.0,928.2574,972.2837,30,90,0.345
20240624,909.0833,930.579,973.0985,30,90,0.3337
20240625,909.6667,932.5263,977.7438,30,90,0.3519
20240626,910.75,931.9122,973.772,30,90,0.3287
20240627,911.5833,933.278,976.1913,30,90,0.3356
20240628,911.75,935.3153,981.9286,30,90,0.3606
20240701,914.5,936.7322,980.7086,30,90,0.3419
20240702,915.1667,939.1481,986.5847,30,90,0.365
20240703,915.6667,938.4896,983.6346,30,90,0.3494
20240704,915.9167,937.949,981.5299,30,90,0.3387
20240705,918.25,941.9363,988.7889,30,90,0.36
20240708,918.9167,942.4791,989.0867,30,90,0.3581
20240710,919.8333,942.2422,986.5683,30,90,0.3425
20240711,920.5,943.9145,990.2297,30,90,0.3556
20240712,921.75,946.3285,994.9461,30,90,0.3706
20240715,922.9167,946.7706,993.9548,30,90,0.3606
20240716,923.5,947.6998,995.5683,30,90,0.365
20240717,923.8333,948.7984,998.1805,30,90,0.375
20240718,924.75,950.0238,1000.0167,30,90,0.3787
20240719,926.75,952.0785,1002.1795,30,90,0.3787
20240722,927.0833,953.0377,1004.3769,30,90,0.3869
20240723,927.3333,954.6236,1008.6053,30,90,0.4044
20240724,928.6667,954.2377,1004.8184,30,90,0.3812
20240725,929.1667,954.7514,1005.3594,30,90,0.3812
20240726,931.5833,957.2823,1008.1161,30,90,0.3819
20240729,931.75,957.0721,1007.1604,30,90,0.3769
20240730,932.25,958.7308,1011.1111,30,90,0.3919
20240731,932.75,957.956,1007.8148,30,90,0.375
20240801,933.4167,960.7427,1014.7951,30,90,0.4025
20240802,935.0833,960.3524,1010.3359,30,90,0.375
20240805,935.75,960.4624,1009.3448,30,90,0.3675
20240806,936.5,962.1429,1012.8658,30,90,0.3794
20240807,937.0833,963.0779,1014.4965,30,90,0.3837
20240808,937.5833,962.632,1012.1797,30,90,0.3713
20240809,939.6667,964.8192,1014.5721,30,90,0.3719
20240812,939.8333,965.5674,1016.4709,30,90,0.3794
20240813,940.3333,966.418,1018.0149,30,90,0.3837
20240814,941.6667,967.8848,1019.7456,30,90,0.385
20240815,942.0,968.2274,1020.1065,30,90,0.385
20240816,944.0,971.0078,1024.4306,30,90,0.3944
20240819,944.3333,970.529,1022.3454,30,90,0.3837
20240820,944.8333,972.8804,1028.3591,30,90,0.4075
20240821,945.3333,972.2341,1025.4452,30,90,0.3925
20240822,946.25,974.7266,1031.0548,30,90,0.4125
20240823,948.1667,975.051,1028.2297,30,90,0.3912
20240826,949.0833,975.4107,1027.4878,30,90,0.3837
20240827,949.75,978.2833,1034.7237,30,90,0.4119
20240828,950.0833,976.7789,1029.5841,30,90,0.3881
20240829,950.6667,977.8652,1031.6653,30,90,0.3944
20240830,952.8333,980.6302,1035.614,30,90,0.4012
20240902,952.75,978.399,1029.1339,30,90,0.3738
20240903,954.1667,981.4653,1035.4635,30,90,0.3944
20240904,954.5,980.4892,1031.8971,30,90,0.3775
20240905,954.9167,981.2105,1033.2209,30,90,0.3812
20240906,957.1667,983.4244,1035.3636,30,90,0.38
20240909,957.75,983.9257,1035.7026,30,90,0.3787
20240910,958.1667,984.9423,1037.9057,30,90,0.3862
20240911,958.9167,986.2531,1040.3259,30,90,0.3931
20240912,959.6667,986.9754,1040.9933,30,90,0.3925
20240913,961.75,988.6257,1041.7872,30,90,0.3862
20240916,962.0833,989.3622,1043.3214,30,90,0.3912
20240917,962.4167,989.8036,1043.9763,30,90,0.3925
20240918,963.3333,990.8942,1045.4111,30,90,0.3944
20240919,963.75,991.8654,1047.4791,30,90,0.4012
20240920,965.75,995.1594,1053.3328,30,90,0.4169
20240923,966.3333,994.4746,1050.1396,30,90,0.4006
20240924,966.75,996.4373,1055.1603,30,90,0.42
20240925,967.9167,995.7574,1050.8276,30,90,0.3962
20240926,968.75,997.4079,1054.0948,30,90,0.4062
20240927,970.5833,999.5438,1056.8292,30,90,0.4094
20240930,970.9167,998.943,1054.3805,30,90,0.3975
20241001,971.25,1001.0755,1060.0718,30,90,0.42
20241002,971.75,1000.0491,1056.026,30,90,0.4006
20241003,972.75,1001.3769,1058.0024,30,90,0.4044
20241004,974.8333,1003.0226,1058.7824,30,90,0.3981
20241007,975.5,1003.1094,1057.7223,30,90,0.3906
20241008,975.9167,1003.0884,1056.8354,30,90,0.385
20241009,976.25,1003.4809,1057.3451,30,90,0.3856
20241010,979.4167,1007.5881,1063.3127,30,90,0.3962
20241014,980.1667,1008.4099,1064.2763,30,90,0.3969
20241015,980.5833,1008.5875,1063.9814,30,90,0.3937
20241016,981.5833,1010.4701,1067.6098,30,90,0.4044
20241017,981.75,1010.7925,1068.24,30,90,0.4062
20241018,983.8333,1012.6353,1069.6071,30,90,0.4025
20241021,984.4167,1014.0923,1072.7921,30,90,0.4131
20241022,984.8333,1015.3279,1075.6478,30,90,0.4231
20241023,985.9167,1015.2843,1073.3749,30,90,0.4088
20241024,986.3333,1016.9248,1077.4365,30,90,0.4238
20241025,988.3333,1017.9246,1076.4578,30,90,0.4106
20241028,988.8333,1017.8323,1075.1938,30,90,0.4031
20241029,989.25,1020.0333,1080.9242,30,90,0.425
20241030,990.25,1020.2028,1079.451,30,90,0.4144
20241031,990.75,1020.008,1077.8819,30,90,0.4056
20241101,992.75,1019.5774,1072.6434,30,90,0.375
20241104,993.3333,1019.5156,1071.3055,30,90,0.3669
20241105,994.75,1020.6641,1071.9237,30,90,0.3631
20241107,995.3333,1020.1929,1069.3664,30,90,0.35
20241108,997.25,1022.9741,1073.8576,30,90,0.36
20241111,997.75,1023.0784,1073.1794,30,90,0.355
20241112,998.75,1024.8195,1076.3862,30,90,0.3638
20241113,999.25,1025.1279,1076.3159,30,90,0.3613
20241114,999.75,1025.2827,1075.7878,30,90,0.3569
20241115,1002.75,1028.462,1079.3216,30,90,0.3581
20241119,1003.25,1028.0506,1077.1073,30,90,0.3469
20241120,1003.75,1029.7959,1081.3159,30,90,0.3619
20241121,1004.75,1031.3875,1084.0777,30,90,0.3688
20241122,1006.75,1032.5645,1083.627,30,90,0.3581
20241125,1007.25,1032.8196,1083.3976,30,90,0.355
20241126,1007.75,1034.828,1088.3898,30,90,0.3731
20241127,1008.75,1035.0805,1087.1635,30,90,0.3638
20241128,1009.25,1036.1101,1089.2407,30,90,0.37
20241129,1011.75,1038.2624,1090.7052,30,90,0.365
20241202,1011.9167,1037.1387,1087.029,30,90,0.3494
20241203,1013.1667,1040.0792,1093.3134,30,90,0.3694
20241204,1013.25,1038.2978,1087.8435,30,90,0.3469
20241205,1013.8333,1039.4662,1090.1695,30,90,0.3538
20241206,1015.75,1039.092,1085.2637,30,90,0.3256
20241209,1016.75,1039.5426,1084.6275,30,90,0.3187
20241210,1017.25,1040.7306,1087.1765,30,90,0.3269
20241211,1017.75,1040.0962,1084.2981,30,90,0.3131
20241212,1018.75,1041.7438,1087.2268,30,90,0.3206
20241213,1020.75,1043.789,1089.3612,30,90,0.3206
20241216,1021.25,1044.1957,1089.5835,30,90,0.3194
20241217,1021.8333,1045.2628,1091.6076,30,90,0.325
20241218,1022.75,1046.0958,1092.2751,30,90,0.3237
20241219,1023.25,1046.0312,1091.0935,30,90,0.3169
20241220,1025.4167,1049.2433,1096.3734,30,90,0.3287
20241223,1027.75,1050.8944,1096.6751,30,90,0.32
20241226,1029.0,1052.1198,1097.8521,30,90,0.3194
20241227,1030.5,1054.4447,1101.8085,30,90,0.3287
20241230,1032.5,1055.6985,1101.5863,30,90,0.3194
20250102,1032.75,1055.6898,1101.066,30,90,0.3162
20250103,1034.75,1058.105,1104.3023,30,90,0.3206
20250106,1035.75,1059.7106,1107.106,30,90,0.3275
20250107,1036.25,1059.904,1106.6928,30,90,0.3237
20250108,1036.75,1059.2481,1103.7504,30,90,0.31
20250109,1037.75,1060.5353,1105.6059,30,90,0.3131
20250110,1039.75,1062.4728,1107.4197,30,90,0.3119
20250113,1040.25,1063.3564,1109.0621,30,90,0.3162
20250114,1041.25,1065.2313,1112.6675,30,90,0.3262
20250115,1041.75,1064.943,1110.8201,30,90,0.3169
20250116,1042.25,1064.6007,1108.8115,30,90,0.3069
20250117,1044.5,1067.3801,1112.638,30,90,0.3125
20250120,1045.25,1067.8255,1112.4811,30,90,0.3088
20250121,1045.9167,1069.149,1115.1036,30,90,0.3162
20250122,1047.25,1070.2439,1115.727,30,90,0.3131
20250123,1047.6667,1070.6698,1116.171,30,90,0.3131
20250124,1049.5833,1073.7565,1121.5724,30,90,0.3262
20250127,1050.5,1072.8126,1116.9479,30,90,0.3044
20250128,1050.9167,1074.7979,1122.0362,30,90,0.3225
20250129,1051.5833,1074.8876,1120.9848,30,90,0.3156
20250130,1052.5,1075.7169,1121.6412,30,90,0.3144
20250131,1053.5,1074.9057,1117.2474,30,90,0.2931
20250203,1053.9167,1074.6297,1115.601,30,90,0.285
20250204,1054.25,1075.8328,1118.5248,30,90,0.295
20250205,1054.7083,1076.4625,1119.4933,30,90,0.2969
20250206,1054.875,1076.4167,1119.0271,30,90,0.2944
20250207,1055.9167,1076.8852,1118.3618,30,90,0.2875
20250210,1056.375,1077.1363,1118.2032,30,90,0.285
20250211,1056.625,1077.9861,1120.2394,30,90,0.2919
20250212,1056.875,1077.7543,1119.0546,30,90,0.2863
20250213,1057.4583,1077.9162,1118.3829,30,90,0.2812
20250214,1058.5,1079.7906,1121.9046,30,90,0.2906
20250217,1059.0833,1079.8436,1120.9086,30,90,0.2844
20250218,1059.1667,1079.5492,1119.8668,30,90,0.28
20250219,1059.375,1079.6531,1119.7641,30,90,0.2787
20250220,1059.875,1079.8372,1119.3233,30,90,0.275
20250221,1060.875,1081.399,1121.9964,30,90,0.2812
20250224,1061.125,1081.4909,1121.7756,30,90,0.2794
20250225,1061.625,1082.5438,1123.9223,30,90,0.2856
20250226,1061.875,1081.9292,1121.5974,30,90,0.2756
20250227,1062.375,1082.8192,1123.259,30,90,0.28
20250228,1064.375,1085.0211,1125.8603,30,90,0.2819
20250305,1064.375,1084.6398,1124.7247,30,90,0.2775
20250306,1064.625,1085.8754,1127.9097,30,90,0.2888
20250307,1066.0417,1087.2658,1129.2481,30,90,0.2881
20250310,1066.3333,1087.2357,1128.5818,30,90,0.2844
20250311,1066.6667,1088.067,1130.3979,30,90,0.29
20250312,1066.875,1088.2249,1130.456,30,90,0.2894
20250313,1067.125,1088.4253,1130.5583,30,90,0.2888
20250314,1068.5417,1090.1984,1133.0364,30,90,0.2925
20250317,1068.9167,1090.581,1133.434,30,90,0.2925
20250318,1069.125,1091.669,1136.2622,30,90,0.3025
20250319,1069.625,1092.2343,1136.9566,30,90,0.3031
20250320,1069.8333,1092.666,1137.8303,30,90,0.3056
20250321,1071.3333,1093.869,1138.4459,30,90,0.3019
20250325,1071.5833,1093.6307,1137.2416,30,90,0.2963
20250326,1072.0833,1094.8543,1139.8965,30,90,0.3044
20250327,1072.2917,1095.122,1140.2815,30,90,0.305
20250328,1073.375,1095.679,1139.7974,30,90,0.2988
20250331,1073.875,1096.4642,1141.1468,30,90,0.3019
20250401,1074.5417,1097.9149,1144.1482,30,90,0.3106
20250403,1074.8333,1098.2128,1144.4586,30,90,0.3106
20250404,1075.875,1098.3961,1142.9441,30,90,0.3006
20250407,1076.3333,1100.0209,1146.8761,30,90,0.3137
20250408,1076.5833,1100.6621,1148.2911,30,90,0.3181
20250409,1077.125,1100.1684,1145.7496,30,90,0.3063
20250410,1077.375,1101.692,1149.7924,30,90,0.3206
20250411,1078.375,1102.7698,1151.024,30,90,0.3212
20250414,1182.4167,1213.1592,1273.9695,30,90,0.3625
20250415,1200.8333,1231.44,1291.9818,30,90,0.3563
20250416,1172.8333,1204.2871,1266.5042,30,90,0.3725
20250421,1070.4167,1097.1516,1150.0345,30,90,0.35
20250422,1093.3333,1120.1929,1173.3225,30,90,0.345
20250423,1122.5,1150.191,1204.9652,30,90,0.3463
20250424,1176.4167,1204.4142,1259.7947,30,90,0.3356
20250425,1174.1667,1202.1707,1257.5642,30,90,0.3362
20250428,1163.1667,1190.3726,1244.1873,30,90,0.3306
20250429,1170.6667,1198.2278,1252.745,30,90,0.3325
20250430,1172.0,1199.3525,1253.4573,30,90,0.33
20250505,1178.5,1205.2201,1258.0739,30,90,0.3219
20250506,1203.8333,1232.5449,1289.3379,30,90,0.3362
20250507,1153.5,1180.5388,1234.0231,30,90,0.3312
20250508,1117.5,1143.8666,1196.021,30,90,0.3331
20250509,1113.5833,1139.0595,1189.4529,30,90,0.3244
20250512,1126.0,1151.5874,1202.2007,30,90,0.3225
20250513,1125.6667,1152.4564,1205.4478,30,90,0.3356
20250514,1129.8333,1156.0283,1207.8432,30,90,0.3281
20250515,1135.5,1162.3494,1215.4588,30,90,0.3337
20250516,1146.1667,1171.8018,1222.5092,30,90,0.3181
20250519,1134.25,1161.244,1214.6395,30,90,0.3356
20250520,1142.0,1169.3538,1223.4609,30,90,0.3375
20250521,1145.0,1171.0192,1222.4865,30,90,0.3225
20250522,1143.5833,1169.8629,1221.8454,30,90,0.3256
20250523,1137.0,1164.0012,1217.4111,30,90,0.335
20250526,1139.8333,1165.385,1215.9277,30,90,0.3187
20250527,1148.0,1174.7924,1227.7892,30,90,0.33
20250528,1161.0,1187.0857,1238.6844,30,90,0.3194
20250529,1174.5,1201.2497,1254.1618,30,90,0.3231
20250530,1195.3333,1222.068,1274.9507,30,90,0.3181
20250602,1181.1667,1208.4309,1262.3609,30,90,0.3269
20250603,1184.0,1211.1478,1264.8476,30,90,0.325
20250604,1184.3333,1210.4583,1262.1349,30,90,0.3144
20250605,1189.6667,1216.1529,1268.544,30,90,0.3169
20250606,1190.0,1216.7372,1269.6249,30,90,0.3194
20250609,1186.4167,1212.4662,1263.9935,30,90,0.3131
20250610,1187.0,1213.8521,1266.9669,30,90,0.3212
20250611,1184.5,1211.1137,1263.7569,30,90,0.3194
20250612,1185.5,1212.3788,1265.5465,30,90,0.3219
20250613,1187.6667,1214.2907,1266.9544,30,90,0.3187
20250617,1180.0833,1206.8997,1259.944,30,90,0.3225
20250618,1151.0,1176.861,1228.0153,30,90,0.3194
20250619,1156.1667,1183.2089,1236.6997,30,90,0.3306
20250623,1167.3333,1193.621,1245.6194,30,90,0.32
20250624,1176.0,1203.3857,1257.556,30,90,0.3294
20250625,1176.3333,1203.1849,1256.2988,30,90,0.3237
20250626,1194.6667,1221.8757,1275.6964,30,90,0.3231
20250627,1189.8333,1217.1149,1271.0792,30,90,0.325
20250630,1194.0833,1220.9734,1274.1634,30,90,0.32
20250701,1203.0,1230.7682,1285.695,30,90,0.3269
20250702,1231.3333,1259.5034,1315.2253,30,90,0.3244
20250703,1226.9167,1254.9857,1310.5078,30,90,0.3244
20250704,1239.8333,1267.4364,1322.0367,30,90,0.3169
20250707,1257.9167,1285.9868,1341.5108,30,90,0.3175
20250708,1258.0,1286.7802,1343.7088,30,90,0.3244
20250710,1261.1667,1288.8575,1343.6312,30,90,0.3131
20250711,1261.5833,1288.3792,1341.383,30,90,0.3044
20250714,1266.1667,1291.4399,1341.4317,30,90,0.2888
20250715,1277.0,1302.3587,1352.5196,30,90,0.2875
20250716,1259.9167,1286.2259,1338.2668,30,90,0.3
20250717,1266.25,1292.8858,1345.5729,30,90,0.3019
20250718,1283.8333,1312.1532,1368.1713,30,90,0.3144
20250721,1286.0,1315.1575,1372.8324,30,90,0.3219
20250722,1266.1667,1297.2074,1358.6075,30,90,0.3444
20250723,1259.6667,1290.7415,1352.2089,30,90,0.3463
20250724,1262.0,1293.1969,1354.906,30,90,0.3469
20250725,1277.75,1308.4207,1369.089,30,90,0.3381
20250728,1287.3333,1317.5752,1377.3952,30,90,0.3319
20250729,1296.6667,1329.5169,1394.4964,30,90,0.3544
20250730,1294.1667,1326.8211,1391.4133,30,90,0.3531
20250731,1351.8333,1387.6033,1458.3582,30,90,0.3681
20250801,1361.3333,1398.6785,1472.5491,30,90,0.38
20250804,1361.8333,1400.0983,1475.7884,30,90,0.3881
20250805,1351.1667,1389.7543,1466.0827,30,90,0.3937
20250806,1333.6667,1370.4577,1443.2321,30,90,0.3819
20250807,1331.0833,1369.1655,1444.4941,30,90,0.3944
20250808,1329.4167,1368.8801,1446.9407,30,90,0.4075
20250811,1330.5,1371.2213,1451.77,30,90,0.4188
20250812,1321.5,1366.3421,1455.042,30,90,0.4594
20250813,1318.0,1361.0369,1446.1662,30,90,0.4437
20250814,1308.3333,1353.5321,1442.9378,30,90,0.4669
20250818,1298.8333,1346.8947,1441.9628,30,90,0.4969
20250819,1292.3333,1344.8503,1448.7317,30,90,0.5413
20250820,1298.5,1350.5366,1453.4676,30,90,0.5344
20250821,1309.25,1362.1194,1466.6979,30,90,0.5381
20250822,1321.5833,1374.2067,1478.2986,30,90,0.5312
20250825,1344.1667,1396.6574,1500.4869,30,90,0.5219
20250826,1352.3333,1411.9951,1530.0091,30,90,0.5837
20250827,1359.4167,1416.0513,1528.0776,30,90,0.5537
20250828,1343.6667,1403.7026,1522.4567,30,90,0.5906
20250829,1323.8333,1381.8312,1496.554,30,90,0.58
20250901,1371.1667,1431.4488,1550.69,30,90,0.5819
20250902,1368.25,1425.6028,1539.0495,30,90,0.5569
20250903,1360.1667,1418.1552,1532.8596,30,90,0.5656
20250904,1362.3333,1421.1115,1537.3777,30,90,0.5719
20250905,1365.4167,1422.1615,1534.4057,30,90,0.5525
20250908,1422.1667,1482.7257,1602.5146,30,90,0.565
20250909,1418.6667,1481.981,1607.22,30,90,0.59
20250910,1419.9167,1477.037,1590.0239,30,90,0.5363
20250911,1427.5833,1481.8702,1589.2526,30,90,0.5094
20250912,1447.1667,1496.4952,1594.0695,30,90,0.4612
20250915,1462.0,1510.0383,1605.0605,30,90,0.4462
20250916,1464.6667,1511.2934,1603.5233,30,90,0.4338
20250917,1471.4167,1518.1076,1610.4647,30,90,0.4325
20250918,1474.25,1522.3135,1617.3857,30,90,0.4431
20250919,1474.75,1523.962,1621.3059,30,90,0.4525
20250922,1425.6667,1473.3867,1567.7795,30,90,0.4537
20250923,1354.1667,1400.6717,1492.661,30,90,0.4644
20250924,1343.3333,1386.2349,1471.0965,30,90,0.435
20250925,1325.0833,1364.0111,1441.0124,30,90,0.4037
20250926,1332.0,1369.9039,1444.8798,30,90,0.3925
20250929,1341.0,1379.5718,1455.8689,30,90,0.3962
20250930,1366.5833,1407.4297,1488.2261,30,90,0.41
20251001,1423.8333,1465.9537,1549.2699,30,90,0.4062
20251002,1424.75,1466.6058,1549.3987,30,90,0.4037
20251003,1424.75,1467.1892,1551.136,30,90,0.4088
20251006,1429.75,1472.2649,1556.3616,30,90,0.4081
20251007,1429.75,1476.1432,1567.9114,30,90,0.4412
20251008,1429.75,1476.3627,1568.5651,30,90,0.4431
20251009,1451.75,1505.3213,1611.2881,30,90,0.4956
20251013,1347.6667,1394.0864,1485.9071,30,90,0.4656
20251014,1359.8333,1412.6575,1517.1464,30,90,0.5194
20251015,1373.5,1431.7055,1546.839,30,90,0.5625
20251016,1387.1667,1447.0873,1565.6134,30,90,0.5725
20251017,1439.5,1496.745,1609.9787,30,90,0.5306
20251020,1462.8333,1516.589,1622.9205,30,90,0.4938
20251021,1484.75,1538.5512,1644.9726,30,90,0.4875
20251022,1487.0833,1540.2079,1645.2912,30,90,0.4813
20251023,1484.0,1537.6221,1643.6893,30,90,0.4863
20251024,1485.9167,1540.5967,1648.7565,30,90,0.4944
20251027,1378.9167,1421.0492,1504.3895,30,90,0.4181
20251028,1470.8333,1519.0113,1614.3098,30,90,0.445
20251029,1451.5,1495.1074,1581.3651,30,90,0.4119
20251030,1433.6667,1476.4448,1561.0622,30,90,0.4094
20251031,1443.0,1481.6254,1558.0285,30,90,0.3719
20251103,1457.4167,1493.5189,1564.931,30,90,0.3475
20251104,1473.1667,1509.9607,1582.7411,30,90,0.35
20251105,1447.5,1482.5417,1551.8559,30,90,0.3406
20251107,1441.5,1475.0684,1541.4685,30,90,0.3294
20251110,1419.3333,1451.877,1516.2502,30,90,0.325
20251111,1416.5,1449.9937,1516.2461,30,90,0.3337
20251112,1402.0,1432.783,1493.6732,30,90,0.3131
20251113,1408.8333,1440.0547,1501.8123,30,90,0.3156
20251114,1405.0,1436.7117,1499.4392,30,90,0.3206
20251117,1401.0,1431.5459,1491.9672,30,90,0.3113
20251118,1388.0,1419.7543,1482.5658,30,90,0.3244
20251119,1402.5,1434.2989,1497.1987,30,90,0.3219
20251120,1416.6667,1447.4092,1508.2193,30,90,0.31
20251125,1442.8333,1473.1098,1532.9982,30,90,0.3013
20251126,1448.5,1478.5247,1537.9151,30,90,0.2981
20251127,1448.0,1478.5331,1538.9291,30,90,0.3025
20251128,1450.75,1480.9698,1540.7462,30,90,0.2994
20251201,1449.0833,1478.6751,1537.2092,30,90,0.2944
20251202,1453.5833,1482.1511,1538.6596,30,90,0.285
20251203,1453.5,1479.6856,1531.4821,30,90,0.265
20251204,1449.3333,1474.8504,1525.3246,30,90,0.26
20251205,1438.5833,1463.6167,1513.1339,30,90,0.2575
20251209,1437.4167,1461.8412,1510.1542,30,90,0.2525
20251210,1439.4167,1464.1699,1513.1329,30,90,0.255
20251211,1438.25,1463.2776,1512.7833,30,90,0.2575
20251212,1438.4167,1462.4901,1510.1085,30,90,0.2494
20251215,1439.8333,1464.2989,1512.693,30,90,0.2525
20251216,1451.3333,1476.5885,1526.5447,30,90,0.2575
20251217,1448.5833,1473.8648,1523.8729,30,90,0.2581
20251218,1453.1667,1478.9744,1530.0235,30,90,0.2619
20251219,1452.25,1479.0077,1531.9358,30,90,0.27
20251222,1450.4167,1476.9922,1529.5598,30,90,0.2687
20251223,1450.5,1479.1556,1535.838,30,90,0.2863
20251226,1450.9167,1477.5013,1530.0871,30,90,0.2687
20251229,1454.9167,1480.6066,1531.4225,30,90,0.2606
20251230,1459.4167,1485.933,1538.3836,30,90,0.2669
