DateKey,AnioMes,ProductoID,CentroCostoID,VolumenPresupuestado,PrecioPresupuestadoUnit,CostoEstandarUnit,IngresosPresupuestados,CostoPresupuestado,MargenBrutoPresupuestado
20250101,2025-01,PRD-01,CC-202,3023,4085.0,1900.0,12684784.2,5743700.0,6941084.2
20250101,2025-01,PRD-01,CC-203,1672,4085.0,1900.0,6718918.3,3176800.0,3542118.3
20250101,2025-01,PRD-02,CC-202,2148,7557.0,2945.0,15992588.8,6325860.0,9666728.8
20250101,2025-01,PRD-02,CC-203,1271,7557.0,2945.0,9726345.3,3743095.0,5983250.3
20250101,2025-01,PRD-03,CC-202,422,14706.0,4940.0,6242811.6,2084680.0,4158131.6
20250101,2025-01,PRD-03,CC-203,277,14706.0,4940.0,4005912.7,1368380.0,2637532.7
20250101,2025-01,PRD-04,CC-202,2935,8170.0,3800.0,23934555.8,11153000.0,12781555.8
20250101,2025-01,PRD-04,CC-203,1781,8170.0,3800.0,14587463.3,6767800.0,7819663.3
20250101,2025-01,PRD-05,CC-202,2230,15114.0,5890.0,33734053.8,13134700.0,20599353.8
20250101,2025-01,PRD-05,CC-203,1391,15114.0,5890.0,21427932.3,8192990.0,13234942.3
20250101,2025-01,PRD-06,CC-202,3104,4408.0,2050.0,13446161.7,6363200.0,7082961.7
20250101,2025-01,PRD-06,CC-203,1896,4408.0,2050.0,8354864.2,3886800.0,4468064.2
20250101,2025-01,PRD-07,CC-202,2063,8154.0,3178.0,16936588.7,6556214.0,10380374.7
20250101,2025-01,PRD-07,CC-203,1388,8154.0,3178.0,11158217.6,4411064.0,6747153.6
20250101,2025-01,PRD-08,CC-202,446,15867.0,5330.0,7260007.7,2377180.0,4882827.7
20250101,2025-01,PRD-08,CC-203,239,15867.0,5330.0,3835479.8,1273870.0,2561609.8
20250101,2025-01,PRD-09,CC-202,3036,4192.0,1950.0,12792240.4,5920200.0,6872040.4
20250101,2025-01,PRD-09,CC-203,1846,4192.0,1950.0,7656491.0,3599700.0,4056791.0
20250101,2025-01,PRD-10,CC-202,2021,7756.0,3022.0,15519979.8,6107462.0,9412517.8
20250101,2025-01,PRD-10,CC-203,1271,7756.0,3022.0,9970504.6,3840962.0,6129542.6
20250101,2025-01,PRD-11,CC-202,411,15093.0,5070.0,6326365.8,2083770.0,4242595.8
20250101,2025-01,PRD-11,CC-203,273,15093.0,5070.0,4144769.0,1384110.0,2760659.0
20250101,2025-01,PRD-12,CC-202,2877,3332.0,1550.0,9801410.8,4459350.0,5342060.8
20250101,2025-01,PRD-12,CC-203,1881,3332.0,1550.0,6433615.5,2915550.0,3518065.5
20250101,2025-01,PRD-13,CC-202,2066,6165.0,2402.0,12486779.6,4962532.0,7524247.6
20250101,2025-01,PRD-13,CC-203,1388,6165.0,2402.0,8345639.7,3333976.0,5011663.7
20250101,2025-01,PRD-14,CC-202,2825,4085.0,1900.0,11916373.2,5367500.0,6548873.2
20250101,2025-01,PRD-14,CC-203,1688,4085.0,1900.0,6731552.5,3207200.0,3524352.5
20250101,2025-01,PRD-15,CC-202,2048,7557.0,2945.0,15199490.5,6031360.0,9168130.5
20250101,2025-01,PRD-15,CC-203,1339,7557.0,2945.0,10044001.0,3943355.0,6100646.0
20250101,2025-01,PRD-16,CC-202,2995,3978.0,1850.0,11575894.3,5540750.0,6035144.3
20250101,2025-01,PRD-16,CC-203,1794,3978.0,1850.0,7032649.2,3318900.0,3713749.2
20250101,2025-01,PRD-17,CC-202,1999,7358.0,2868.0,15109527.5,5733132.0,9376395.5
20250101,2025-01,PRD-17,CC-203,1355,7358.0,2868.0,9908024.0,3886140.0,6021884.0
20250101,2025-01,PRD-18,CC-202,3000,5160.0,2400.0,15845398.9,7200000.0,8645398.9
20250101,2025-01,PRD-18,CC-203,2031,5160.0,2400.0,10491082.0,4874400.0,5616682.0
20250101,2025-01,PRD-19,CC-202,2102,9546.0,3720.0,20045613.5,7819440.0,12226173.5
20250101,2025-01,PRD-19,CC-203,1321,9546.0,3720.0,12688278.6,4914120.0,7774158.6
20250101,2025-01,PRD-20,CC-202,467,18576.0,6240.0,8501375.8,2914080.0,5587295.8
20250101,2025-01,PRD-20,CC-203,250,18576.0,6240.0,4727397.0,1560000.0,3167397.0
20250101,2025-01,PRD-21,CC-202,2906,3762.0,1750.0,11212112.6,5085500.0,6126612.6
20250101,2025-01,PRD-21,CC-203,1890,3762.0,1750.0,7168704.2,3307500.0,3861204.2
20250101,2025-01,PRD-22,CC-202,1896,6961.0,2712.0,12333721.9,5141952.0,7191769.9
20250101,2025-01,PRD-22,CC-203,1383,6961.0,2712.0,9922253.6,3750696.0,6171557.6
20250101,2025-01,PRD-23,CC-202,2993,3548.0,1650.0,10598829.9,4938450.0,5660379.9
20250101,2025-01,PRD-23,CC-203,1917,3548.0,1650.0,6875515.7,3163050.0,3712465.7
20250101,2025-01,PRD-24,CC-202,1990,6563.0,2558.0,12948573.4,5090420.0,7858153.4
20250101,2025-01,PRD-24,CC-203,1083,6563.0,2558.0,7073419.8,2770314.0,4303105.8
20250101,2025-01,PRD-25,CC-202,2945,3225.0,1500.0,9595818.4,4417500.0,5178318.4
20250101,2025-01,PRD-25,CC-203,2029,3225.0,1500.0,6614115.1,3043500.0,3570615.1
20250101,2025-01,PRD-26,CC-202,1983,5966.0,2325.0,11557121.0,4610475.0,6946646.0
20250101,2025-01,PRD-26,CC-203,1263,5966.0,2325.0,7340229.0,2936475.0,4403754.0
20250101,2025-01,PRD-27,CC-202,3095,4945.0,2300.0,15544927.3,7118500.0,8426427.3
20250101,2025-01,PRD-27,CC-203,1812,4945.0,2300.0,9034635.4,4167600.0,4867035.4
20250101,2025-01,PRD-28,CC-202,2260,9148.0,3565.0,20456745.3,8056900.0,12399845.3
20250101,2025-01,PRD-28,CC-203,1273,9148.0,3565.0,11677229.8,4538245.0,7138984.8
20250101,2025-01,PRD-29,CC-202,3132,3655.0,1700.0,11734258.5,5324400.0,6409858.5
20250101,2025-01,PRD-29,CC-203,1946,3655.0,1700.0,7121935.8,3308200.0,3813735.8
20250101,2025-01,PRD-30,CC-202,2062,6762.0,2635.0,13902559.2,5433370.0,8469189.2
20250101,2025-01,PRD-30,CC-203,1162,6762.0,2635.0,7773491.3,3061870.0,4711621.3
20250101,2025-01,PRD-31,CC-202,1209,8127.0,3060.0,9979771.6,3699540.0,6280231.6
20250101,2025-01,PRD-31,CC-203,809,8127.0,3060.0,6709180.5,2475540.0,4233640.5
20250101,2025-01,PRD-32,CC-202,1279,8127.0,3060.0,10011734.2,3913740.0,6097994.2
20250101,2025-01,PRD-32,CC-203,744,8127.0,3060.0,6047860.6,2276640.0,3771220.6
20250101,2025-01,PRD-33,CC-202,1189,8127.0,3060.0,9384436.2,3638340.0,5746096.2
20250101,2025-01,PRD-33,CC-203,801,8127.0,3060.0,6539755.4,2451060.0,4088695.4
20250101,2025-01,PRD-34,CC-202,8948,11438.0,4940.0,99948569.2,44203120.0,55745449.2
20250101,2025-01,PRD-34,CC-203,5278,11438.0,4940.0,60835875.8,26073320.0,34762555.8
20250101,2025-01,PRD-35,CC-202,8684,11438.0,4940.0,99062555.0,42898960.0,56163595.0
20250101,2025-01,PRD-35,CC-203,5018,11438.0,4940.0,58207049.8,24788920.0,33418129.8
20250101,2025-01,PRD-36,CC-202,8481,10234.0,4420.0,86655443.5,37486020.0,49169423.5
20250101,2025-01,PRD-36,CC-203,5263,10234.0,4420.0,53986642.9,23262460.0,30724182.9
20250201,2025-02,PRD-01,CC-202,3208,4085.0,1900.0,12970931.8,6095200.0,6875731.8
20250201,2025-02,PRD-01,CC-203,1809,4085.0,1900.0,7213415.3,3437100.0,3776315.3
20250201,2025-02,PRD-02,CC-202,2242,7557.0,2945.0,17221307.9,6602690.0,10618617.9
20250201,2025-02,PRD-02,CC-203,1366,7557.0,2945.0,10692663.2,4022870.0,6669793.2
20250201,2025-02,PRD-03,CC-202,438,14706.0,4940.0,6414981.2,2163720.0,4251261.2
20250201,2025-02,PRD-03,CC-203,265,14706.0,4940.0,3869823.0,1309100.0,2560723.0
20250201,2025-02,PRD-04,CC-202,3061,8170.0,3800.0,24838867.9,11631800.0,13207067.9
20250201,2025-02,PRD-04,CC-203,1809,8170.0,3800.0,14962358.9,6874200.0,8088158.9
20250201,2025-02,PRD-05,CC-202,1974,15114.0,5890.0,29840034.8,11626860.0,18213174.8
20250201,2025-02,PRD-05,CC-203,1252,15114.0,5890.0,19186911.9,7374280.0,11812631.9
20250201,2025-02,PRD-06,CC-202,2800,4408.0,2050.0,12287783.9,5740000.0,6547783.9
20250201,2025-02,PRD-06,CC-203,1742,4408.0,2050.0,7866012.6,3571100.0,4294912.6
20250201,2025-02,PRD-07,CC-202,2046,8154.0,3178.0,16776030.9,6502188.0,10273842.9
20250201,2025-02,PRD-07,CC-203,1296,8154.0,3178.0,11183277.1,4118688.0,7064589.1
20250201,2025-02,PRD-08,CC-202,451,15867.0,5330.0,7105762.8,2403830.0,4701932.8
20250201,2025-02,PRD-08,CC-203,269,15867.0,5330.0,4350390.8,1433770.0,2916620.8
20250201,2025-02,PRD-09,CC-202,3116,4192.0,1950.0,12731291.4,6076200.0,6655091.4
20250201,2025-02,PRD-09,CC-203,1988,4192.0,1950.0,8498434.5,3876600.0,4621834.5
20250201,2025-02,PRD-10,CC-202,2078,7756.0,3022.0,15651098.3,6279716.0,9371382.3
20250201,2025-02,PRD-10,CC-203,1164,7756.0,3022.0,9024689.0,3517608.0,5507081.0
20250201,2025-02,PRD-11,CC-202,430,15093.0,5070.0,6219899.1,2180100.0,4039799.1
20250201,2025-02,PRD-11,CC-203,259,15093.0,5070.0,3966767.5,1313130.0,2653637.5
20250201,2025-02,PRD-12,CC-202,3051,3332.0,1550.0,10160955.2,4729050.0,5431905.2
20250201,2025-02,PRD-12,CC-203,1819,3332.0,1550.0,5986898.0,2819450.0,3167448.0
20250201,2025-02,PRD-13,CC-202,2177,6165.0,2402.0,13111686.4,5229154.0,7882532.4
20250201,2025-02,PRD-13,CC-203,1321,6165.0,2402.0,8200180.4,3173042.0,5027138.4
20250201,2025-02,PRD-14,CC-202,2869,4085.0,1900.0,11691269.9,5451100.0,6240169.9
20250201,2025-02,PRD-14,CC-203,1842,4085.0,1900.0,7891765.5,3499800.0,4391965.5
20250201,2025-02,PRD-15,CC-202,2121,7557.0,2945.0,15421670.7,6246345.0,9175325.7
20250201,2025-02,PRD-15,CC-203,1292,7557.0,2945.0,10234956.1,3804940.0,6430016.1
20250201,2025-02,PRD-16,CC-202,3091,3978.0,1850.0,12461422.2,5718350.0,6743072.2
20250201,2025-02,PRD-16,CC-203,1922,3978.0,1850.0,7704400.6,3555700.0,4148700.6
20250201,2025-02,PRD-17,CC-202,1978,7358.0,2868.0,14340466.2,5672904.0,8667562.2
20250201,2025-02,PRD-17,CC-203,1233,7358.0,2868.0,9067265.9,3536244.0,5531021.9
20250201,2025-02,PRD-18,CC-202,2884,5160.0,2400.0,14059024.6,6921600.0,7137424.6
20250201,2025-02,PRD-18,CC-203,1877,5160.0,2400.0,9887558.5,4504800.0,5382758.5
20250201,2025-02,PRD-19,CC-202,2217,9546.0,3720.0,20889288.6,8247240.0,12642048.6
20250201,2025-02,PRD-19,CC-203,1376,9546.0,3720.0,12890385.6,5118720.0,7771665.6
20250201,2025-02,PRD-20,CC-202,459,18576.0,6240.0,8257107.9,2864160.0,5392947.9
20250201,2025-02,PRD-20,CC-203,270,18576.0,6240.0,4968422.8,1684800.0,3283622.8
20250201,2025-02,PRD-21,CC-202,2986,3762.0,1750.0,11369583.7,5225500.0,6144083.7
20250201,2025-02,PRD-21,CC-203,1666,3762.0,1750.0,5931362.6,2915500.0,3015862.6
20250201,2025-02,PRD-22,CC-202,2339,6961.0,2712.0,16552355.0,6343368.0,10208987.0
20250201,2025-02,PRD-22,CC-203,1257,6961.0,2712.0,8547816.3,3408984.0,5138832.3
20250201,2025-02,PRD-23,CC-202,3055,3548.0,1650.0,10836569.7,5040750.0,5795819.7
20250201,2025-02,PRD-23,CC-203,2034,3548.0,1650.0,7364988.6,3356100.0,4008888.6
20250201,2025-02,PRD-24,CC-202,2028,6563.0,2558.0,13357928.9,5187624.0,8170304.9
20250201,2025-02,PRD-24,CC-203,1308,6563.0,2558.0,8806549.3,3345864.0,5460685.3
20250201,2025-02,PRD-25,CC-202,3026,3225.0,1500.0,9737256.5,4539000.0,5198256.5
20250201,2025-02,PRD-25,CC-203,1895,3225.0,1500.0,6209855.4,2842500.0,3367355.4
20250201,2025-02,PRD-26,CC-202,2072,5966.0,2325.0,12092556.6,4817400.0,7275156.6
20250201,2025-02,PRD-26,CC-203,1324,5966.0,2325.0,7721146.5,3078300.0,4642846.5
20250201,2025-02,PRD-27,CC-202,3103,4945.0,2300.0,15305623.1,7136900.0,8168723.1
20250201,2025-02,PRD-27,CC-203,1915,4945.0,2300.0,9627511.6,4404500.0,5223011.6
20250201,2025-02,PRD-28,CC-202,2076,9148.0,3565.0,18647970.7,7400940.0,11247030.7
20250201,2025-02,PRD-28,CC-203,1214,9148.0,3565.0,11259997.8,4327910.0,6932087.8
20250201,2025-02,PRD-29,CC-202,2900,3655.0,1700.0,9932026.3,4930000.0,5002026.3
20250201,2025-02,PRD-29,CC-203,1739,3655.0,1700.0,6218601.7,2956300.0,3262301.7
20250201,2025-02,PRD-30,CC-202,2236,6762.0,2635.0,15022689.2,5891860.0,9130829.2
20250201,2025-02,PRD-30,CC-203,1209,6762.0,2635.0,8115756.1,3185715.0,4930041.1
20250201,2025-02,PRD-31,CC-202,1238,8127.0,3060.0,10112381.4,3788280.0,6324101.4
20250201,2025-02,PRD-31,CC-203,791,8127.0,3060.0,6273880.2,2420460.0,3853420.2
20250201,2025-02,PRD-32,CC-202,1185,8127.0,3060.0,9499595.6,3626100.0,5873495.6
20250201,2025-02,PRD-32,CC-203,753,8127.0,3060.0,6067730.5,2304180.0,3763550.5
20250201,2025-02,PRD-33,CC-202,1262,8127.0,3060.0,9897758.6,3861720.0,6036038.6
20250201,2025-02,PRD-33,CC-203,778,8127.0,3060.0,6321538.5,2380680.0,3940858.5
20250201,2025-02,PRD-34,CC-202,9608,11438.0,4940.0,106069097.5,47463520.0,58605577.5
20250201,2025-02,PRD-34,CC-203,5822,11438.0,4940.0,66044912.8,28760680.0,37284232.8
20250201,2025-02,PRD-35,CC-202,9236,11438.0,4940.0,103140798.2,45625840.0,57514958.2
20250201,2025-02,PRD-35,CC-203,5263,11438.0,4940.0,60852684.8,25999220.0,34853464.8
20250201,2025-02,PRD-36,CC-202,8889,10234.0,4420.0,90589815.3,39289380.0,51300435.3
20250201,2025-02,PRD-36,CC-203,5447,10234.0,4420.0,56973748.2,24075740.0,32898008.2
20250301,2025-03,PRD-01,CC-202,3231,4085.0,1900.0,13059420.0,6138900.0,6920520.0
20250301,2025-03,PRD-01,CC-203,1860,4085.0,1900.0,7603667.6,3534000.0,4069667.6
20250301,2025-03,PRD-02,CC-202,2346,7557.0,2945.0,17871157.1,6908970.0,10962187.1
20250301,2025-03,PRD-02,CC-203,1285,7557.0,2945.0,9882262.4,3784325.0,6097937.4
20250301,2025-03,PRD-03,CC-202,459,14706.0,4940.0,6802334.5,2267460.0,4534874.5
20250301,2025-03,PRD-03,CC-203,295,14706.0,4940.0,4433262.4,1457300.0,2975962.4
20250301,2025-03,PRD-04,CC-202,2965,8170.0,3800.0,24189030.3,11267000.0,12922030.3
20250301,2025-03,PRD-04,CC-203,2093,8170.0,3800.0,17205381.6,7953400.0,9251981.6
20250301,2025-03,PRD-05,CC-202,2098,15114.0,5890.0,32844085.5,12357220.0,20486865.5
20250301,2025-03,PRD-05,CC-203,1363,15114.0,5890.0,20549285.0,8028070.0,12521215.0
20250301,2025-03,PRD-06,CC-202,3245,4408.0,2050.0,14203070.4,6652250.0,7550820.4
20250301,2025-03,PRD-06,CC-203,2045,4408.0,2050.0,8804001.2,4192250.0,4611751.2
20250301,2025-03,PRD-07,CC-202,2199,8154.0,3178.0,18029629.9,6988422.0,11041207.9
20250301,2025-03,PRD-07,CC-203,1341,8154.0,3178.0,10736854.4,4261698.0,6475156.4
20250301,2025-03,PRD-08,CC-202,506,15867.0,5330.0,8059549.9,2696980.0,5362569.9
20250301,2025-03,PRD-08,CC-203,290,15867.0,5330.0,4621653.7,1545700.0,3075953.7
20250301,2025-03,PRD-09,CC-202,3183,4192.0,1950.0,13317819.7,6206850.0,7110969.7
20250301,2025-03,PRD-09,CC-203,2138,4192.0,1950.0,9071420.3,4169100.0,4902320.3
20250301,2025-03,PRD-10,CC-202,2423,7756.0,3022.0,18977969.7,7322306.0,11655663.7
20250301,2025-03,PRD-10,CC-203,1320,7756.0,3022.0,10727175.4,3989040.0,6738135.4
20250301,2025-03,PRD-11,CC-202,474,15093.0,5070.0,7015021.4,2403180.0,4611841.4
20250301,2025-03,PRD-11,CC-203,303,15093.0,5070.0,4588993.8,1536210.0,3052783.8
20250301,2025-03,PRD-12,CC-202,3360,3332.0,1550.0,10982442.6,5208000.0,5774442.6
20250301,2025-03,PRD-12,CC-203,2009,3332.0,1550.0,6774098.9,3113950.0,3660148.9
20250301,2025-03,PRD-13,CC-202,2425,6165.0,2402.0,15123004.6,5824850.0,9298154.6
20250301,2025-03,PRD-13,CC-203,1295,6165.0,2402.0,8241501.5,3110590.0,5130911.5
20250301,2025-03,PRD-14,CC-202,3249,4085.0,1900.0,13592315.6,6173100.0,7419215.6
20250301,2025-03,PRD-14,CC-203,2050,4085.0,1900.0,8576584.5,3895000.0,4681584.5
20250301,2025-03,PRD-15,CC-202,2244,7557.0,2945.0,16823549.1,6608580.0,10214969.1
20250301,2025-03,PRD-15,CC-203,1424,7557.0,2945.0,10721168.0,4193680.0,6527488.0
20250301,2025-03,PRD-16,CC-202,3439,3978.0,1850.0,13700012.8,6362150.0,7337862.8
20250301,2025-03,PRD-16,CC-203,1943,3978.0,1850.0,7583200.4,3594550.0,3988650.4
20250301,2025-03,PRD-17,CC-202,2332,7358.0,2868.0,17158878.4,6688176.0,10470702.4
20250301,2025-03,PRD-17,CC-203,1478,7358.0,2868.0,10572893.3,4238904.0,6333989.3
20250301,2025-03,PRD-18,CC-202,3202,5160.0,2400.0,17233197.3,7684800.0,9548397.3
20250301,2025-03,PRD-18,CC-203,2180,5160.0,2400.0,11319241.2,5232000.0,6087241.2
20250301,2025-03,PRD-19,CC-202,2335,9546.0,3720.0,22252406.3,8686200.0,13566206.3
20250301,2025-03,PRD-19,CC-203,1249,9546.0,3720.0,11825018.8,4646280.0,7178738.8
20250301,2025-03,PRD-20,CC-202,485,18576.0,6240.0,8864207.7,3026400.0,5837807.7
20250301,2025-03,PRD-20,CC-203,313,18576.0,6240.0,5904898.7,1953120.0,3951778.7
20250301,2025-03,PRD-21,CC-202,3032,3762.0,1750.0,11404767.0,5306000.0,6098767.0
20250301,2025-03,PRD-21,CC-203,1948,3762.0,1750.0,7280657.3,3409000.0,3871657.3
20250301,2025-03,PRD-22,CC-202,2268,6961.0,2712.0,15238760.8,6150816.0,9087944.8
20250301,2025-03,PRD-22,CC-203,1313,6961.0,2712.0,9098730.6,3560856.0,5537874.6
20250301,2025-03,PRD-23,CC-202,3207,3548.0,1650.0,10970359.7,5291550.0,5678809.7
20250301,2025-03,PRD-23,CC-203,2033,3548.0,1650.0,7165568.1,3354450.0,3811118.1
20250301,2025-03,PRD-24,CC-202,2142,6563.0,2558.0,14007689.6,5479236.0,8528453.6
20250301,2025-03,PRD-24,CC-203,1444,6563.0,2558.0,9948964.8,3693752.0,6255212.8
20250301,2025-03,PRD-25,CC-202,3291,3225.0,1500.0,10946632.2,4936500.0,6010132.2
20250301,2025-03,PRD-25,CC-203,2101,3225.0,1500.0,6965891.3,3151500.0,3814391.3
20250301,2025-03,PRD-26,CC-202,2554,5966.0,2325.0,15108857.7,5938050.0,9170807.7
20250301,2025-03,PRD-26,CC-203,1332,5966.0,2325.0,7770094.5,3096900.0,4673194.5
20250301,2025-03,PRD-27,CC-202,3057,4945.0,2300.0,15299538.7,7031100.0,8268438.7
20250301,2025-03,PRD-27,CC-203,1928,4945.0,2300.0,9535148.7,4434400.0,5100748.7
20250301,2025-03,PRD-28,CC-202,1975,9148.0,3565.0,18023415.2,7040875.0,10982540.2
20250301,2025-03,PRD-28,CC-203,1400,9148.0,3565.0,12919036.9,4991000.0,7928036.9
20250301,2025-03,PRD-29,CC-202,3333,3655.0,1700.0,12499045.1,5666100.0,6832945.1
20250301,2025-03,PRD-29,CC-203,1971,3655.0,1700.0,7342901.1,3350700.0,3992201.1
20250301,2025-03,PRD-30,CC-202,2343,6762.0,2635.0,15508342.9,6173805.0,9334537.9
20250301,2025-03,PRD-30,CC-203,1438,6762.0,2635.0,10009456.5,3789130.0,6220326.5
20250301,2025-03,PRD-31,CC-202,1420,8127.0,3060.0,11587747.2,4345200.0,7242547.2
20250301,2025-03,PRD-31,CC-203,893,8127.0,3060.0,7153971.8,2732580.0,4421391.8
20250301,2025-03,PRD-32,CC-202,1295,8127.0,3060.0,10573542.8,3962700.0,6610842.8
20250301,2025-03,PRD-32,CC-203,894,8127.0,3060.0,7245967.8,2735640.0,4510327.8
20250301,2025-03,PRD-33,CC-202,1307,8127.0,3060.0,10479249.6,3999420.0,6479829.6
20250301,2025-03,PRD-33,CC-203,843,8127.0,3060.0,6723690.2,2579580.0,4144110.2
20250301,2025-03,PRD-34,CC-202,10077,11438.0,4940.0,116971854.9,49780380.0,67191474.9
20250301,2025-03,PRD-34,CC-203,5901,11438.0,4940.0,69166155.8,29150940.0,40015215.8
20250301,2025-03,PRD-35,CC-202,9317,11438.0,4940.0,107843718.2,46025980.0,61817738.2
20250301,2025-03,PRD-35,CC-203,5859,11438.0,4940.0,67283447.6,28943460.0,38339987.6
20250301,2025-03,PRD-36,CC-202,10321,10234.0,4420.0,105916719.0,45618820.0,60297899.0
20250301,2025-03,PRD-36,CC-203,6443,10234.0,4420.0,65701157.5,28478060.0,37223097.5
20250401,2025-04,PRD-01,CC-202,3355,4085.0,1900.0,13689807.5,6374500.0,7315307.5
20250401,2025-04,PRD-01,CC-203,2089,4085.0,1900.0,8493776.0,3969100.0,4524676.0
20250401,2025-04,PRD-02,CC-202,2370,7557.0,2945.0,17432972.4,6979650.0,10453322.4
20250401,2025-04,PRD-02,CC-203,1419,7557.0,2945.0,10703252.9,4178955.0,6524297.9
20250401,2025-04,PRD-03,CC-202,481,14706.0,4940.0,7060431.4,2376140.0,4684291.4
20250401,2025-04,PRD-03,CC-203,291,14706.0,4940.0,4358094.5,1437540.0,2920554.5
20250401,2025-04,PRD-04,CC-202,3298,8170.0,3800.0,27529076.5,12532400.0,14996676.5
20250401,2025-04,PRD-04,CC-203,2031,8170.0,3800.0,16624115.8,7717800.0,8906315.8
20250401,2025-04,PRD-05,CC-202,2090,15114.0,5890.0,31890719.3,12310100.0,19580619.3
20250401,2025-04,PRD-05,CC-203,1393,15114.0,5890.0,20078076.9,8204770.0,11873306.9
20250401,2025-04,PRD-06,CC-202,3423,4408.0,2050.0,15609317.8,7017150.0,8592167.8
20250401,2025-04,PRD-06,CC-203,2059,4408.0,2050.0,8997727.3,4220950.0,4776777.3
20250401,2025-04,PRD-07,CC-202,2084,8154.0,3178.0,17445260.7,6622952.0,10822308.7
20250401,2025-04,PRD-07,CC-203,1384,8154.0,3178.0,11275078.1,4398352.0,6876726.1
20250401,2025-04,PRD-08,CC-202,472,15867.0,5330.0,7370688.0,2515760.0,4854928.0
20250401,2025-04,PRD-08,CC-203,268,15867.0,5330.0,4290457.9,1428440.0,2862017.9
20250401,2025-04,PRD-09,CC-202,3523,4192.0,1950.0,14071294.0,6869850.0,7201444.0
20250401,2025-04,PRD-09,CC-203,1988,4192.0,1950.0,8263844.1,3876600.0,4387244.1
20250401,2025-04,PRD-10,CC-202,2177,7756.0,3022.0,16791244.1,6578894.0,10212350.1
20250401,2025-04,PRD-10,CC-203,1436,7756.0,3022.0,11169106.5,4339592.0,6829514.5
20250401,2025-04,PRD-11,CC-202,481,15093.0,5070.0,7089544.4,2438670.0,4650874.4
20250401,2025-04,PRD-11,CC-203,305,15093.0,5070.0,4576908.3,1546350.0,3030558.3
20250401,2025-04,PRD-12,CC-202,3113,3332.0,1550.0,10189656.4,4825150.0,5364506.4
20250401,2025-04,PRD-12,CC-203,2047,3332.0,1550.0,6841864.9,3172850.0,3669014.9
20250401,2025-04,PRD-13,CC-202,2033,6165.0,2402.0,12730055.0,4883266.0,7846789.0
20250401,2025-04,PRD-13,CC-203,1522,6165.0,2402.0,9204330.3,3655844.0,5548486.3
20250401,2025-04,PRD-14,CC-202,3030,4085.0,1900.0,12369296.1,5757000.0,6612296.1
20250401,2025-04,PRD-14,CC-203,1977,4085.0,1900.0,7678102.1,3756300.0,3921802.1
20250401,2025-04,PRD-15,CC-202,2339,7557.0,2945.0,17232576.9,6888355.0,10344221.9
20250401,2025-04,PRD-15,CC-203,1529,7557.0,2945.0,11556832.8,4502905.0,7053927.8
20250401,2025-04,PRD-16,CC-202,3458,3978.0,1850.0,14138437.3,6397300.0,7741137.3
20250401,2025-04,PRD-16,CC-203,1952,3978.0,1850.0,7915235.9,3611200.0,4304035.9
20250401,2025-04,PRD-17,CC-202,2340,7358.0,2868.0,16962299.2,6711120.0,10251179.2
20250401,2025-04,PRD-17,CC-203,1360,7358.0,2868.0,9729994.5,3900480.0,5829514.5
20250401,2025-04,PRD-18,CC-202,3338,5160.0,2400.0,17157137.2,8011200.0,9145937.2
20250401,2025-04,PRD-18,CC-203,2035,5160.0,2400.0,10519677.4,4884000.0,5635677.4
20250401,2025-04,PRD-19,CC-202,2290,9546.0,3720.0,21749995.0,8518800.0,13231195.0
20250401,2025-04,PRD-19,CC-203,1368,9546.0,3720.0,13384888.7,5088960.0,8295928.7
20250401,2025-04,PRD-20,CC-202,475,18576.0,6240.0,8711237.7,2964000.0,5747237.7
20250401,2025-04,PRD-20,CC-203,303,18576.0,6240.0,5765345.6,1890720.0,3874625.6
20250401,2025-04,PRD-21,CC-202,3109,3762.0,1750.0,11471253.8,5440750.0,6030503.8
20250401,2025-04,PRD-21,CC-203,1939,3762.0,1750.0,7347188.0,3393250.0,3953938.0
20250401,2025-04,PRD-22,CC-202,2118,6961.0,2712.0,15143212.6,5744016.0,9399196.6
20250401,2025-04,PRD-22,CC-203,1427,6961.0,2712.0,10034502.6,3870024.0,6164478.6
20250401,2025-04,PRD-23,CC-202,3562,3548.0,1650.0,12238922.8,5877300.0,6361622.8
20250401,2025-04,PRD-23,CC-203,2021,3548.0,1650.0,7145380.1,3334650.0,3810730.1
20250401,2025-04,PRD-24,CC-202,2340,6563.0,2558.0,15366242.5,5985720.0,9380522.5
20250401,2025-04,PRD-24,CC-203,1485,6563.0,2558.0,10008743.1,3798630.0,6210113.1
20250401,2025-04,PRD-25,CC-202,3081,3225.0,1500.0,10112639.3,4621500.0,5491139.3
20250401,2025-04,PRD-25,CC-203,2172,3225.0,1500.0,6956127.5,3258000.0,3698127.5
20250401,2025-04,PRD-26,CC-202,2187,5966.0,2325.0,12902695.7,5084775.0,7817920.7
20250401,2025-04,PRD-26,CC-203,1444,5966.0,2325.0,8585265.1,3357300.0,5227965.1
20250401,2025-04,PRD-27,CC-202,3488,4945.0,2300.0,17925636.1,8022400.0,9903236.1
20250401,2025-04,PRD-27,CC-203,1964,4945.0,2300.0,9538287.0,4517200.0,5021087.0
20250401,2025-04,PRD-28,CC-202,2393,9148.0,3565.0,21678965.0,8531045.0,13147920.0
20250401,2025-04,PRD-28,CC-203,1332,9148.0,3565.0,11750976.3,4748580.0,7002396.3
20250401,2025-04,PRD-29,CC-202,3449,3655.0,1700.0,12468567.2,5863300.0,6605267.2
20250401,2025-04,PRD-29,CC-203,1970,3655.0,1700.0,7294605.5,3349000.0,3945605.5
20250401,2025-04,PRD-30,CC-202,2299,6762.0,2635.0,15582997.1,6057865.0,9525132.1
20250401,2025-04,PRD-30,CC-203,1362,6762.0,2635.0,9463548.1,3588870.0,5874678.1
20250401,2025-04,PRD-31,CC-202,1303,8127.0,3060.0,10888523.5,3987180.0,6901343.5
20250401,2025-04,PRD-31,CC-203,863,8127.0,3060.0,6795652.4,2640780.0,4154872.4
20250401,2025-04,PRD-32,CC-202,1440,8127.0,3060.0,11603491.4,4406400.0,7197091.4
20250401,2025-04,PRD-32,CC-203,886,8127.0,3060.0,7238566.2,2711160.0,4527406.2
20250401,2025-04,PRD-33,CC-202,1295,8127.0,3060.0,10571739.4,3962700.0,6609039.4
20250401,2025-04,PRD-33,CC-203,849,8127.0,3060.0,6645768.4,2597940.0,4047828.4
20250401,2025-04,PRD-34,CC-202,8601,11438.0,4940.0,97787336.2,42488940.0,55298396.2
20250401,2025-04,PRD-34,CC-203,5966,11438.0,4940.0,69688626.4,29472040.0,40216586.4
20250401,2025-04,PRD-35,CC-202,8862,11438.0,4940.0,98029877.7,43778280.0,54251597.7
20250401,2025-04,PRD-35,CC-203,5825,11438.0,4940.0,65335313.6,28775500.0,36559813.6
20250401,2025-04,PRD-36,CC-202,9514,10234.0,4420.0,95956724.4,42051880.0,53904844.4
20250401,2025-04,PRD-36,CC-203,6160,10234.0,4420.0,62517486.5,27227200.0,35290286.5
20250501,2025-05,PRD-01,CC-202,4181,4085.0,1900.0,16448361.6,7943900.0,8504461.6
20250501,2025-05,PRD-01,CC-203,2378,4085.0,1900.0,9788927.6,4518200.0,5270727.6
20250501,2025-05,PRD-02,CC-202,2881,7557.0,2945.0,22034186.7,8484545.0,13549641.7
20250501,2025-05,PRD-02,CC-203,1627,7557.0,2945.0,12604387.7,4791515.0,7812872.7
20250501,2025-05,PRD-03,CC-202,579,14706.0,4940.0,8295958.5,2860260.0,5435698.5
20250501,2025-05,PRD-03,CC-203,351,14706.0,4940.0,5195646.6,1733940.0,3461706.6
20250501,2025-05,PRD-04,CC-202,4147,8170.0,3800.0,33444900.5,15758600.0,17686300.5
20250501,2025-05,PRD-04,CC-203,2415,8170.0,3800.0,19665636.0,9177000.0,10488636.0
20250501,2025-05,PRD-05,CC-202,2871,15114.0,5890.0,42133910.7,16910190.0,25223720.7
20250501,2025-05,PRD-05,CC-203,1730,15114.0,5890.0,25608791.6,10189700.0,15419091.6
20250501,2025-05,PRD-06,CC-202,3946,4408.0,2050.0,17637096.3,8089300.0,9547796.3
20250501,2025-05,PRD-06,CC-203,2235,4408.0,2050.0,9716139.8,4581750.0,5134389.8
20250501,2025-05,PRD-07,CC-202,2724,8154.0,3178.0,21509061.3,8656872.0,12852189.3
20250501,2025-05,PRD-07,CC-203,1786,8154.0,3178.0,14600784.4,5675908.0,8924876.4
20250501,2025-05,PRD-08,CC-202,569,15867.0,5330.0,8913474.3,3032770.0,5880704.3
20250501,2025-05,PRD-08,CC-203,351,15867.0,5330.0,5608300.6,1870830.0,3737470.6
20250501,2025-05,PRD-09,CC-202,4119,4192.0,1950.0,17080350.2,8032050.0,9048300.2
20250501,2025-05,PRD-09,CC-203,2436,4192.0,1950.0,10405262.9,4750200.0,5655062.9
20250501,2025-05,PRD-10,CC-202,2583,7756.0,3022.0,19894410.2,7805826.0,12088584.2
20250501,2025-05,PRD-10,CC-203,1697,7756.0,3022.0,12499898.4,5128334.0,7371564.4
20250501,2025-05,PRD-11,CC-202,616,15093.0,5070.0,9159905.6,3123120.0,6036785.6
20250501,2025-05,PRD-11,CC-203,357,15093.0,5070.0,5439158.2,1809990.0,3629168.2
20250501,2025-05,PRD-12,CC-202,4131,3332.0,1550.0,13858530.0,6403050.0,7455480.0
20250501,2025-05,PRD-12,CC-203,2539,3332.0,1550.0,8189297.6,3935450.0,4253847.6
20250501,2025-05,PRD-13,CC-202,3012,6165.0,2402.0,18275395.6,7234824.0,11040571.6
20250501,2025-05,PRD-13,CC-203,1862,6165.0,2402.0,11492120.3,4472524.0,7019596.3
20250501,2025-05,PRD-14,CC-202,3988,4085.0,1900.0,16463640.1,7577200.0,8886440.1
20250501,2025-05,PRD-14,CC-203,2185,4085.0,1900.0,9107563.3,4151500.0,4956063.3
20250501,2025-05,PRD-15,CC-202,3035,7557.0,2945.0,22792569.8,8938075.0,13854494.8
20250501,2025-05,PRD-15,CC-203,1619,7557.0,2945.0,12399850.0,4767955.0,7631895.0
20250501,2025-05,PRD-16,CC-202,3818,3978.0,1850.0,15622225.5,7063300.0,8558925.5
20250501,2025-05,PRD-16,CC-203,2486,3978.0,1850.0,9935408.7,4599100.0,5336308.7
20250501,2025-05,PRD-17,CC-202,2651,7358.0,2868.0,18777677.3,7603068.0,11174609.3
20250501,2025-05,PRD-17,CC-203,1899,7358.0,2868.0,14480983.8,5446332.0,9034651.8
20250501,2025-05,PRD-18,CC-202,4209,5160.0,2400.0,21937006.8,10101600.0,11835406.8
20250501,2025-05,PRD-18,CC-203,2321,5160.0,2400.0,12244071.9,5570400.0,6673671.9
20250501,2025-05,PRD-19,CC-202,3095,9546.0,3720.0,29162717.1,11513400.0,17649317.1
20250501,2025-05,PRD-19,CC-203,1898,9546.0,3720.0,17641313.2,7060560.0,10580753.2
20250501,2025-05,PRD-20,CC-202,522,18576.0,6240.0,9483390.1,3257280.0,6226110.1
20250501,2025-05,PRD-20,CC-203,372,18576.0,6240.0,6737511.8,2321280.0,4416231.8
20250501,2025-05,PRD-21,CC-202,3648,3762.0,1750.0,14315128.2,6384000.0,7931128.2
20250501,2025-05,PRD-21,CC-203,2450,3762.0,1750.0,8999336.4,4287500.0,4711836.4
20250501,2025-05,PRD-22,CC-202,2406,6961.0,2712.0,16639527.0,6525072.0,10114455.0
20250501,2025-05,PRD-22,CC-203,1590,6961.0,2712.0,11111193.4,4312080.0,6799113.4
20250501,2025-05,PRD-23,CC-202,3962,3548.0,1650.0,14240801.6,6537300.0,7703501.6
20250501,2025-05,PRD-23,CC-203,2302,3548.0,1650.0,8168841.1,3798300.0,4370541.1
20250501,2025-05,PRD-24,CC-202,2668,6563.0,2558.0,17294214.8,6824744.0,10469470.8
20250501,2025-05,PRD-24,CC-203,1794,6563.0,2558.0,11448485.5,4589052.0,6859433.5
20250501,2025-05,PRD-25,CC-202,3726,3225.0,1500.0,11904011.3,5589000.0,6315011.3
20250501,2025-05,PRD-25,CC-203,2316,3225.0,1500.0,7069987.7,3474000.0,3595987.7
20250501,2025-05,PRD-26,CC-202,2645,5966.0,2325.0,15002814.3,6149625.0,8853189.3
20250501,2025-05,PRD-26,CC-203,1520,5966.0,2325.0,9199982.9,3534000.0,5665982.9
20250501,2025-05,PRD-27,CC-202,4021,4945.0,2300.0,19864832.5,9248300.0,10616532.5
20250501,2025-05,PRD-27,CC-203,2283,4945.0,2300.0,11263558.7,5250900.0,6012658.7
20250501,2025-05,PRD-28,CC-202,2535,9148.0,3565.0,23305917.6,9037275.0,14268642.6
20250501,2025-05,PRD-28,CC-203,1778,9148.0,3565.0,16458375.6,6338570.0,10119805.6
20250501,2025-05,PRD-29,CC-202,4010,3655.0,1700.0,14737834.1,6817000.0,7920834.1
20250501,2025-05,PRD-29,CC-203,2674,3655.0,1700.0,10021603.8,4545800.0,5475803.8
20250501,2025-05,PRD-30,CC-202,2820,6762.0,2635.0,18890975.3,7430700.0,11460275.3
20250501,2025-05,PRD-30,CC-203,1813,6762.0,2635.0,12152990.6,4777255.0,7375735.6
20250501,2025-05,PRD-31,CC-202,1725,8127.0,3060.0,14018283.0,5278500.0,8739783.0
20250501,2025-05,PRD-31,CC-203,1077,8127.0,3060.0,8618715.6,3295620.0,5323095.6
20250501,2025-05,PRD-32,CC-202,1650,8127.0,3060.0,13274795.7,5049000.0,8225795.7
20250501,2025-05,PRD-32,CC-203,1080,8127.0,3060.0,8669631.3,3304800.0,5364831.3
20250501,2025-05,PRD-33,CC-202,1651,8127.0,3060.0,13391715.9,5052060.0,8339655.9
20250501,2025-05,PRD-33,CC-203,1033,8127.0,3060.0,8137132.6,3160980.0,4976152.6
20250501,2025-05,PRD-34,CC-202,12511,11438.0,4940.0,146179222.7,61804340.0,84374882.7
20250501,2025-05,PRD-34,CC-203,7521,11438.0,4940.0,86360401.7,37153740.0,49206661.7
20250501,2025-05,PRD-35,CC-202,11997,11438.0,4940.0,137051498.0,59265180.0,77786318.0
20250501,2025-05,PRD-35,CC-203,6610,11438.0,4940.0,76984591.1,32653400.0,44331191.1
20250501,2025-05,PRD-36,CC-202,12262,10234.0,4420.0,122748622.2,54198040.0,68550582.2
20250501,2025-05,PRD-36,CC-203,7357,10234.0,4420.0,73778476.3,32517940.0,41260536.3
20250601,2025-06,PRD-01,CC-202,3794,4085.0,1900.0,15468598.9,7208600.0,8259998.9
20250601,2025-06,PRD-01,CC-203,2234,4085.0,1900.0,9071132.7,4244600.0,4826532.7
20250601,2025-06,PRD-02,CC-202,2225,7557.0,2945.0,16931026.5,6552625.0,10378401.5
20250601,2025-06,PRD-02,CC-203,1401,7557.0,2945.0,10707406.1,4125945.0,6581461.1
20250601,2025-06,PRD-03,CC-202,498,14706.0,4940.0,7500298.8,2460120.0,5040178.8
20250601,2025-06,PRD-03,CC-203,280,14706.0,4940.0,3998271.6,1383200.0,2615071.6
20250601,2025-06,PRD-04,CC-202,3391,8170.0,3800.0,28818520.8,12885800.0,15932720.8
20250601,2025-06,PRD-04,CC-203,2103,8170.0,3800.0,17314834.1,7991400.0,9323434.1
20250601,2025-06,PRD-05,CC-202,2477,15114.0,5890.0,38184008.1,14589530.0,23594478.1
20250601,2025-06,PRD-05,CC-203,1443,15114.0,5890.0,21166387.6,8499270.0,12667117.6
20250601,2025-06,PRD-06,CC-202,3684,4408.0,2050.0,16470692.0,7552200.0,8918492.0
20250601,2025-06,PRD-06,CC-203,2185,4408.0,2050.0,9753935.2,4479250.0,5274685.2
20250601,2025-06,PRD-07,CC-202,2413,8154.0,3178.0,19529610.5,7668514.0,11861096.5
20250601,2025-06,PRD-07,CC-203,1439,8154.0,3178.0,11783220.7,4573142.0,7210078.7
20250601,2025-06,PRD-08,CC-202,439,15867.0,5330.0,7107272.1,2339870.0,4767402.1
20250601,2025-06,PRD-08,CC-203,320,15867.0,5330.0,5065536.2,1705600.0,3359936.2
20250601,2025-06,PRD-09,CC-202,3594,4192.0,1950.0,14917804.4,7008300.0,7909504.4
20250601,2025-06,PRD-09,CC-203,2169,4192.0,1950.0,8822794.5,4229550.0,4593244.5
20250601,2025-06,PRD-10,CC-202,2554,7756.0,3022.0,19129266.5,7718188.0,11411078.5
20250601,2025-06,PRD-10,CC-203,1549,7756.0,3022.0,12405550.2,4681078.0,7724472.2
20250601,2025-06,PRD-11,CC-202,520,15093.0,5070.0,7755124.6,2636400.0,5118724.6
20250601,2025-06,PRD-11,CC-203,312,15093.0,5070.0,4783785.7,1581840.0,3201945.7
20250601,2025-06,PRD-12,CC-202,3620,3332.0,1550.0,12321985.7,5611000.0,6710985.7
20250601,2025-06,PRD-12,CC-203,2064,3332.0,1550.0,6899698.9,3199200.0,3700498.9
20250601,2025-06,PRD-13,CC-202,2560,6165.0,2402.0,15214744.4,6149120.0,9065624.4
20250601,2025-06,PRD-13,CC-203,1483,6165.0,2402.0,9417606.5,3562166.0,5855440.5
20250601,2025-06,PRD-14,CC-202,3601,4085.0,1900.0,14573650.0,6841900.0,7731750.0
20250601,2025-06,PRD-14,CC-203,2176,4085.0,1900.0,8658113.9,4134400.0,4523713.9
20250601,2025-06,PRD-15,CC-202,2301,7557.0,2945.0,17870698.0,6776445.0,11094253.0
20250601,2025-06,PRD-15,CC-203,1428,7557.0,2945.0,10684081.5,4205460.0,6478621.5
20250601,2025-06,PRD-16,CC-202,3549,3978.0,1850.0,13958179.4,6565650.0,7392529.4
20250601,2025-06,PRD-16,CC-203,2121,3978.0,1850.0,8393821.5,3923850.0,4469971.5
20250601,2025-06,PRD-17,CC-202,2293,7358.0,2868.0,16508774.5,6576324.0,9932450.5
20250601,2025-06,PRD-17,CC-203,1567,7358.0,2868.0,11499223.6,4494156.0,7005067.6
20250601,2025-06,PRD-18,CC-202,3600,5160.0,2400.0,18385207.5,8640000.0,9745207.5
20250601,2025-06,PRD-18,CC-203,2129,5160.0,2400.0,10608008.1,5109600.0,5498408.1
20250601,2025-06,PRD-19,CC-202,2472,9546.0,3720.0,23733109.9,9195840.0,14537269.9
20250601,2025-06,PRD-19,CC-203,1682,9546.0,3720.0,16563131.4,6257040.0,10306091.4
20250601,2025-06,PRD-20,CC-202,513,18576.0,6240.0,9651302.5,3201120.0,6450182.5
20250601,2025-06,PRD-20,CC-203,307,18576.0,6240.0,5818974.1,1915680.0,3903294.1
20250601,2025-06,PRD-21,CC-202,3494,3762.0,1750.0,13209855.8,6114500.0,7095355.8
20250601,2025-06,PRD-21,CC-203,2062,3762.0,1750.0,7780223.9,3608500.0,4171723.9
20250601,2025-06,PRD-22,CC-202,2546,6961.0,2712.0,17773474.9,6904752.0,10868722.9
20250601,2025-06,PRD-22,CC-203,1497,6961.0,2712.0,10439400.7,4059864.0,6379536.7
20250601,2025-06,PRD-23,CC-202,3585,3548.0,1650.0,12863888.3,5915250.0,6948638.3
20250601,2025-06,PRD-23,CC-203,2138,3548.0,1650.0,7550344.7,3527700.0,4022644.7
20250601,2025-06,PRD-24,CC-202,2455,6563.0,2558.0,16267834.8,6279890.0,9987944.8
20250601,2025-06,PRD-24,CC-203,1559,6563.0,2558.0,10354392.0,3987922.0,6366470.0
20250601,2025-06,PRD-25,CC-202,3547,3225.0,1500.0,11244226.3,5320500.0,5923726.3
20250601,2025-06,PRD-25,CC-203,2115,3225.0,1500.0,6924586.2,3172500.0,3752086.2
20250601,2025-06,PRD-26,CC-202,2408,5966.0,2325.0,14453381.6,5598600.0,8854781.6
20250601,2025-06,PRD-26,CC-203,1650,5966.0,2325.0,10196507.3,3836250.0,6360257.3
20250601,2025-06,PRD-27,CC-202,3771,4945.0,2300.0,19179626.9,8673300.0,10506326.9
20250601,2025-06,PRD-27,CC-203,2061,4945.0,2300.0,10627218.9,4740300.0,5886918.9
20250601,2025-06,PRD-28,CC-202,2448,9148.0,3565.0,22834809.4,8727120.0,14107689.4
20250601,2025-06,PRD-28,CC-203,1486,9148.0,3565.0,13474816.3,5297590.0,8177226.3
20250601,2025-06,PRD-29,CC-202,3199,3655.0,1700.0,11534627.0,5438300.0,6096327.0
20250601,2025-06,PRD-29,CC-203,2311,3655.0,1700.0,8654815.9,3928700.0,4726115.9
20250601,2025-06,PRD-30,CC-202,2314,6762.0,2635.0,15553531.7,6097390.0,9456141.7
20250601,2025-06,PRD-30,CC-203,1371,6762.0,2635.0,9428969.7,3612585.0,5816384.7
20250601,2025-06,PRD-31,CC-202,1529,8127.0,3060.0,12296864.7,4678740.0,7618124.7
20250601,2025-06,PRD-31,CC-203,954,8127.0,3060.0,8029653.0,2919240.0,5110413.0
20250601,2025-06,PRD-32,CC-202,1486,8127.0,3060.0,11947007.3,4547160.0,7399847.3
20250601,2025-06,PRD-32,CC-203,911,8127.0,3060.0,7793640.2,2787660.0,5005980.2
20250601,2025-06,PRD-33,CC-202,1400,8127.0,3060.0,11204774.5,4284000.0,6920774.5
20250601,2025-06,PRD-33,CC-203,886,8127.0,3060.0,7297310.9,2711160.0,4586150.9
20250601,2025-06,PRD-34,CC-202,9337,11438.0,4940.0,105555734.3,46124780.0,59430954.3
20250601,2025-06,PRD-34,CC-203,6438,11438.0,4940.0,74891866.6,31803720.0,43088146.6
20250601,2025-06,PRD-35,CC-202,10107,11438.0,4940.0,115786214.7,49928580.0,65857634.7
20250601,2025-06,PRD-35,CC-203,6198,11438.0,4940.0,71207385.7,30618120.0,40589265.7
20250601,2025-06,PRD-36,CC-202,9353,10234.0,4420.0,93719528.5,41340260.0,52379268.5
20250601,2025-06,PRD-36,CC-203,5999,10234.0,4420.0,61815644.8,26515580.0,35300064.8
20250701,2025-07,PRD-01,CC-202,4715,4085.0,1900.0,19208167.5,8958500.0,10249667.5
20250701,2025-07,PRD-01,CC-203,2871,4085.0,1900.0,11972652.6,5454900.0,6517752.6
20250701,2025-07,PRD-02,CC-202,3123,7557.0,2945.0,23969397.7,9197235.0,14772162.7
20250701,2025-07,PRD-02,CC-203,2064,7557.0,2945.0,15098626.4,6078480.0,9020146.4
20250701,2025-07,PRD-03,CC-202,656,14706.0,4940.0,9369356.9,3240640.0,6128716.9
20250701,2025-07,PRD-03,CC-203,422,14706.0,4940.0,6132683.5,2084680.0,4048003.5
20250701,2025-07,PRD-04,CC-202,4732,8170.0,3800.0,40076525.4,17981600.0,22094925.4
20250701,2025-07,PRD-04,CC-203,2797,8170.0,3800.0,23117157.4,10628600.0,12488557.4
20250701,2025-07,PRD-05,CC-202,3236,15114.0,5890.0,49164224.4,19060040.0,30104184.4
20250701,2025-07,PRD-05,CC-203,1791,15114.0,5890.0,26558506.2,10548990.0,16009516.2
20250701,2025-07,PRD-06,CC-202,4799,4408.0,2050.0,20989310.7,9837950.0,11151360.7
20250701,2025-07,PRD-06,CC-203,2818,4408.0,2050.0,12432964.6,5776900.0,6656064.6
20250701,2025-07,PRD-07,CC-202,3187,8154.0,3178.0,25391570.1,10128286.0,15263284.1
20250701,2025-07,PRD-07,CC-203,2194,8154.0,3178.0,18344913.5,6972532.0,11372381.5
20250701,2025-07,PRD-08,CC-202,681,15867.0,5330.0,10759121.3,3629730.0,7129391.3
20250701,2025-07,PRD-08,CC-203,412,15867.0,5330.0,6535425.0,2195960.0,4339465.0
20250701,2025-07,PRD-09,CC-202,4643,4192.0,1950.0,20072521.3,9053850.0,11018671.3
20250701,2025-07,PRD-09,CC-203,2789,4192.0,1950.0,11360360.7,5438550.0,5921810.7
20250701,2025-07,PRD-10,CC-202,3093,7756.0,3022.0,24059736.6,9347046.0,14712690.6
20250701,2025-07,PRD-10,CC-203,1868,7756.0,3022.0,14686234.1,5645096.0,9041138.1
20250701,2025-07,PRD-11,CC-202,651,15093.0,5070.0,10059736.8,3300570.0,6759166.8
20250701,2025-07,PRD-11,CC-203,380,15093.0,5070.0,5898884.9,1926600.0,3972284.9
20250701,2025-07,PRD-12,CC-202,4250,3332.0,1550.0,14002256.8,6587500.0,7414756.8
20250701,2025-07,PRD-12,CC-203,2665,3332.0,1550.0,8641504.5,4130750.0,4510754.5
20250701,2025-07,PRD-13,CC-202,3202,6165.0,2402.0,19084402.5,7691204.0,11393198.5
20250701,2025-07,PRD-13,CC-203,1960,6165.0,2402.0,12161501.3,4707920.0,7453581.3
20250701,2025-07,PRD-14,CC-202,4614,4085.0,1900.0,18706967.6,8766600.0,9940367.6
20250701,2025-07,PRD-14,CC-203,2951,4085.0,1900.0,11683798.0,5606900.0,6076898.0
20250701,2025-07,PRD-15,CC-202,3425,7557.0,2945.0,25785524.0,10086625.0,15698899.0
20250701,2025-07,PRD-15,CC-203,1970,7557.0,2945.0,14849545.7,5801650.0,9047895.7
20250701,2025-07,PRD-16,CC-202,4487,3978.0,1850.0,18519552.4,8300950.0,10218602.4
20250701,2025-07,PRD-16,CC-203,2825,3978.0,1850.0,10823527.3,5226250.0,5597277.3
20250701,2025-07,PRD-17,CC-202,2937,7358.0,2868.0,21743765.7,8423316.0,13320449.7
20250701,2025-07,PRD-17,CC-203,2002,7358.0,2868.0,14111432.7,5741736.0,8369696.7
20250701,2025-07,PRD-18,CC-202,4577,5160.0,2400.0,23712352.3,10984800.0,12727552.3
20250701,2025-07,PRD-18,CC-203,2775,5160.0,2400.0,13824413.2,6660000.0,7164413.2
20250701,2025-07,PRD-19,CC-202,3260,9546.0,3720.0,31407354.8,12127200.0,19280154.8
20250701,2025-07,PRD-19,CC-203,2021,9546.0,3720.0,19439786.4,7518120.0,11921666.4
20250701,2025-07,PRD-20,CC-202,614,18576.0,6240.0,10924379.8,3831360.0,7093019.8
20250701,2025-07,PRD-20,CC-203,390,18576.0,6240.0,7252154.9,2433600.0,4818554.9
20250701,2025-07,PRD-21,CC-202,4815,3762.0,1750.0,18073634.5,8426250.0,9647384.5
20250701,2025-07,PRD-21,CC-203,2806,3762.0,1750.0,10541432.3,4910500.0,5630932.3
20250701,2025-07,PRD-22,CC-202,3282,6961.0,2712.0,22786031.5,8900784.0,13885247.5
20250701,2025-07,PRD-22,CC-203,1936,6961.0,2712.0,13422072.5,5250432.0,8171640.5
20250701,2025-07,PRD-23,CC-202,4735,3548.0,1650.0,17224267.7,7812750.0,9411517.7
20250701,2025-07,PRD-23,CC-203,2735,3548.0,1650.0,10031781.2,4512750.0,5519031.2
20250701,2025-07,PRD-24,CC-202,3295,6563.0,2558.0,21562280.8,8428610.0,13133670.8
20250701,2025-07,PRD-24,CC-203,1887,6563.0,2558.0,12529685.9,4826946.0,7702739.9
20250701,2025-07,PRD-25,CC-202,4607,3225.0,1500.0,15074107.0,6910500.0,8163607.0
20250701,2025-07,PRD-25,CC-203,2848,3225.0,1500.0,9205959.2,4272000.0,4933959.2
20250701,2025-07,PRD-26,CC-202,2924,5966.0,2325.0,17444057.7,6798300.0,10645757.7
20250701,2025-07,PRD-26,CC-203,1882,5966.0,2325.0,11243290.8,4375650.0,6867640.8
20250701,2025-07,PRD-27,CC-202,4635,4945.0,2300.0,23240957.3,10660500.0,12580457.3
20250701,2025-07,PRD-27,CC-203,2779,4945.0,2300.0,13675881.6,6391700.0,7284181.6
20250701,2025-07,PRD-28,CC-202,3304,9148.0,3565.0,30051431.4,11778760.0,18272671.4
20250701,2025-07,PRD-28,CC-203,1910,9148.0,3565.0,17418885.7,6809150.0,10609735.7
20250701,2025-07,PRD-29,CC-202,4413,3655.0,1700.0,16638304.3,7502100.0,9136204.3
20250701,2025-07,PRD-29,CC-203,2570,3655.0,1700.0,9623100.7,4369000.0,5254100.7
20250701,2025-07,PRD-30,CC-202,3088,6762.0,2635.0,21312615.4,8136880.0,13175735.4
20250701,2025-07,PRD-30,CC-203,1997,6762.0,2635.0,14139717.7,5262095.0,8877622.7
20250701,2025-07,PRD-31,CC-202,2094,8127.0,3060.0,17099967.4,6407640.0,10692327.4
20250701,2025-07,PRD-31,CC-203,1242,8127.0,3060.0,9861697.1,3800520.0,6061177.1
20250701,2025-07,PRD-32,CC-202,1954,8127.0,3060.0,15977839.0,5979240.0,9998599.0
20250701,2025-07,PRD-32,CC-203,1220,8127.0,3060.0,10113354.4,3733200.0,6380154.4
20250701,2025-07,PRD-33,CC-202,1959,8127.0,3060.0,16029885.1,5994540.0,10035345.1
20250701,2025-07,PRD-33,CC-203,1154,8127.0,3060.0,9280052.8,3531240.0,5748812.8
20250701,2025-07,PRD-34,CC-202,12421,11438.0,4940.0,138985132.1,61359740.0,77625392.1
20250701,2025-07,PRD-34,CC-203,8076,11438.0,4940.0,95205570.9,39895440.0,55310130.9
20250701,2025-07,PRD-35,CC-202,12553,11438.0,4940.0,151762974.6,62011820.0,89751154.6
20250701,2025-07,PRD-35,CC-203,7900,11438.0,4940.0,86588585.4,39026000.0,47562585.4
20250701,2025-07,PRD-36,CC-202,13602,10234.0,4420.0,135823049.1,60120840.0,75702209.1
20250701,2025-07,PRD-36,CC-203,7721,10234.0,4420.0,80305329.1,34126820.0,46178509.1
20250801,2025-08,PRD-01,CC-202,4829,4085.0,1900.0,19909175.5,9175100.0,10734075.5
20250801,2025-08,PRD-01,CC-203,2986,4085.0,1900.0,11999347.8,5673400.0,6325947.8
20250801,2025-08,PRD-02,CC-202,3339,7557.0,2945.0,25223617.6,9833355.0,15390262.6
20250801,2025-08,PRD-02,CC-203,2061,7557.0,2945.0,15167156.6,6069645.0,9097511.6
20250801,2025-08,PRD-03,CC-202,762,14706.0,4940.0,11324814.8,3764280.0,7560534.8
20250801,2025-08,PRD-03,CC-203,451,14706.0,4940.0,6704346.9,2227940.0,4476406.9
20250801,2025-08,PRD-04,CC-202,5447,8170.0,3800.0,43773863.0,20698600.0,23075263.0
20250801,2025-08,PRD-04,CC-203,2817,8170.0,3800.0,23423532.7,10704600.0,12718932.7
20250801,2025-08,PRD-05,CC-202,3576,15114.0,5890.0,54221594.3,21062640.0,33158954.3
20250801,2025-08,PRD-05,CC-203,2179,15114.0,5890.0,34030774.3,12834310.0,21196464.3
20250801,2025-08,PRD-06,CC-202,5105,4408.0,2050.0,23413971.9,10465250.0,12948721.9
20250801,2025-08,PRD-06,CC-203,3088,4408.0,2050.0,13554468.3,6330400.0,7224068.3
20250801,2025-08,PRD-07,CC-202,3482,8154.0,3178.0,30449851.2,11065796.0,19384055.2
20250801,2025-08,PRD-07,CC-203,1801,8154.0,3178.0,14643642.6,5723578.0,8920064.6
20250801,2025-08,PRD-08,CC-202,752,15867.0,5330.0,12036505.3,4008160.0,8028345.3
20250801,2025-08,PRD-08,CC-203,455,15867.0,5330.0,7291931.5,2425150.0,4866781.5
20250801,2025-08,PRD-09,CC-202,5010,4192.0,1950.0,21183964.6,9769500.0,11414464.6
20250801,2025-08,PRD-09,CC-203,3042,4192.0,1950.0,12445040.3,5931900.0,6513140.3
20250801,2025-08,PRD-10,CC-202,3593,7756.0,3022.0,28619352.2,10858046.0,17761306.2
20250801,2025-08,PRD-10,CC-203,2168,7756.0,3022.0,16294372.4,6551696.0,9742676.4
20250801,2025-08,PRD-11,CC-202,722,15093.0,5070.0,10811051.6,3660540.0,7150511.6
20250801,2025-08,PRD-11,CC-203,421,15093.0,5070.0,6333222.7,2134470.0,4198752.7
20250801,2025-08,PRD-12,CC-202,4959,3332.0,1550.0,16077671.9,7686450.0,8391221.9
20250801,2025-08,PRD-12,CC-203,2835,3332.0,1550.0,9272756.4,4394250.0,4878506.4
20250801,2025-08,PRD-13,CC-202,3496,6165.0,2402.0,20782126.5,8397392.0,12384734.5
20250801,2025-08,PRD-13,CC-203,2251,6165.0,2402.0,14234958.2,5406902.0,8828056.2
20250801,2025-08,PRD-14,CC-202,5038,4085.0,1900.0,20538007.5,9572200.0,10965807.5
20250801,2025-08,PRD-14,CC-203,3188,4085.0,1900.0,13400995.7,6057200.0,7343795.7
20250801,2025-08,PRD-15,CC-202,3262,7557.0,2945.0,24658848.4,9606590.0,15052258.4
20250801,2025-08,PRD-15,CC-203,2013,7557.0,2945.0,15044615.3,5928285.0,9116330.3
20250801,2025-08,PRD-16,CC-202,5165,3978.0,1850.0,19811202.0,9555250.0,10255952.0
20250801,2025-08,PRD-16,CC-203,3260,3978.0,1850.0,12763992.4,6031000.0,6732992.4
20250801,2025-08,PRD-17,CC-202,3301,7358.0,2868.0,23322893.6,9467268.0,13855625.6
20250801,2025-08,PRD-17,CC-203,2121,7358.0,2868.0,15189265.6,6083028.0,9106237.6
20250801,2025-08,PRD-18,CC-202,4764,5160.0,2400.0,24032222.1,11433600.0,12598622.1
20250801,2025-08,PRD-18,CC-203,2866,5160.0,2400.0,14794796.0,6878400.0,7916396.0
20250801,2025-08,PRD-19,CC-202,3489,9546.0,3720.0,33967782.8,12979080.0,20988702.8
20250801,2025-08,PRD-19,CC-203,2348,9546.0,3720.0,22456314.4,8734560.0,13721754.4
20250801,2025-08,PRD-20,CC-202,684,18576.0,6240.0,12656166.6,4268160.0,8388006.6
20250801,2025-08,PRD-20,CC-203,447,18576.0,6240.0,8545296.5,2789280.0,5756016.5
20250801,2025-08,PRD-21,CC-202,5052,3762.0,1750.0,18492806.4,8841000.0,9651806.4
20250801,2025-08,PRD-21,CC-203,3360,3762.0,1750.0,12574898.7,5880000.0,6694898.7
20250801,2025-08,PRD-22,CC-202,3823,6961.0,2712.0,26064764.4,10367976.0,15696788.4
20250801,2025-08,PRD-22,CC-203,2155,6961.0,2712.0,15039015.3,5844360.0,9194655.3
20250801,2025-08,PRD-23,CC-202,4996,3548.0,1650.0,18756259.8,8243400.0,10512859.8
20250801,2025-08,PRD-23,CC-203,3122,3548.0,1650.0,11284405.9,5151300.0,6133105.9
20250801,2025-08,PRD-24,CC-202,3189,6563.0,2558.0,21525892.0,8157462.0,13368430.0
20250801,2025-08,PRD-24,CC-203,2136,6563.0,2558.0,13888189.8,5463888.0,8424301.8
20250801,2025-08,PRD-25,CC-202,4629,3225.0,1500.0,14905424.0,6943500.0,7961924.0
20250801,2025-08,PRD-25,CC-203,2964,3225.0,1500.0,9436547.5,4446000.0,4990547.5
20250801,2025-08,PRD-26,CC-202,3206,5966.0,2325.0,19110563.1,7453950.0,11656613.1
20250801,2025-08,PRD-26,CC-203,2145,5966.0,2325.0,13023290.2,4987125.0,8036165.2
20250801,2025-08,PRD-27,CC-202,4732,4945.0,2300.0,23666964.4,10883600.0,12783364.4
20250801,2025-08,PRD-27,CC-203,2955,4945.0,2300.0,15155738.8,6796500.0,8359238.8
20250801,2025-08,PRD-28,CC-202,3479,9148.0,3565.0,30669779.8,12402635.0,18267144.8
20250801,2025-08,PRD-28,CC-203,2037,9148.0,3565.0,17878675.4,7261905.0,10616770.4
20250801,2025-08,PRD-29,CC-202,4761,3655.0,1700.0,17946381.8,8093700.0,9852681.8
20250801,2025-08,PRD-29,CC-203,3067,3655.0,1700.0,11181995.3,5213900.0,5968095.3
20250801,2025-08,PRD-30,CC-202,3569,6762.0,2635.0,23553348.3,9404315.0,14149033.3
20250801,2025-08,PRD-30,CC-203,2242,6762.0,2635.0,15398227.3,5907670.0,9490557.3
20250801,2025-08,PRD-31,CC-202,2104,8127.0,3060.0,17223726.5,6438240.0,10785486.5
20250801,2025-08,PRD-31,CC-203,1207,8127.0,3060.0,9642019.8,3693420.0,5948599.8
20250801,2025-08,PRD-32,CC-202,2100,8127.0,3060.0,17329325.0,6426000.0,10903325.0
20250801,2025-08,PRD-32,CC-203,1280,8127.0,3060.0,10580209.5,3916800.0,6663409.5
20250801,2025-08,PRD-33,CC-202,2014,8127.0,3060.0,16479491.3,6162840.0,10316651.3
20250801,2025-08,PRD-33,CC-203,1295,8127.0,3060.0,10457753.1,3962700.0,6495053.1
20250801,2025-08,PRD-34,CC-202,13788,11438.0,4940.0,163317972.2,68112720.0,95205252.2
20250801,2025-08,PRD-34,CC-203,7861,11438.0,4940.0,88141694.9,38833340.0,49308354.9
20250801,2025-08,PRD-35,CC-202,13543,11438.0,4940.0,153360012.7,66902420.0,86457592.7
20250801,2025-08,PRD-35,CC-203,8172,11438.0,4940.0,95960106.4,40369680.0,55590426.4
20250801,2025-08,PRD-36,CC-202,15166,10234.0,4420.0,154921178.1,67033720.0,87887458.1
20250801,2025-08,PRD-36,CC-203,8487,10234.0,4420.0,86866100.9,37512540.0,49353560.9
20250901,2025-09,PRD-01,CC-202,4438,4085.0,1900.0,18055795.8,8432200.0,9623595.8
20250901,2025-09,PRD-01,CC-203,2658,4085.0,1900.0,10911686.7,5050200.0,5861486.7
20250901,2025-09,PRD-02,CC-202,3006,7557.0,2945.0,22318232.8,8852670.0,13465562.8
20250901,2025-09,PRD-02,CC-203,1834,7557.0,2945.0,14279308.8,5401130.0,8878178.8
20250901,2025-09,PRD-03,CC-202,684,14706.0,4940.0,10071480.1,3378960.0,6692520.1
20250901,2025-09,PRD-03,CC-203,404,14706.0,4940.0,6037692.7,1995760.0,4041932.7
20250901,2025-09,PRD-04,CC-202,4344,8170.0,3800.0,35815691.3,16507200.0,19308491.3
20250901,2025-09,PRD-04,CC-203,2512,8170.0,3800.0,20221645.9,9545600.0,10676045.9
20250901,2025-09,PRD-05,CC-202,3006,15114.0,5890.0,45317547.1,17705340.0,27612207.1
20250901,2025-09,PRD-05,CC-203,1809,15114.0,5890.0,27938244.1,10655010.0,17283234.1
20250901,2025-09,PRD-06,CC-202,4433,4408.0,2050.0,19298401.3,9087650.0,10210751.3
20250901,2025-09,PRD-06,CC-203,2766,4408.0,2050.0,12228774.3,5670300.0,6558474.3
20250901,2025-09,PRD-07,CC-202,2767,8154.0,3178.0,22714509.6,8793526.0,13920983.6
20250901,2025-09,PRD-07,CC-203,1732,8154.0,3178.0,14298488.9,5504296.0,8794192.9
20250901,2025-09,PRD-08,CC-202,630,15867.0,5330.0,9501444.9,3357900.0,6143544.9
20250901,2025-09,PRD-08,CC-203,369,15867.0,5330.0,5786080.6,1966770.0,3819310.6
20250901,2025-09,PRD-09,CC-202,4341,4192.0,1950.0,17924395.8,8464950.0,9459445.8
20250901,2025-09,PRD-09,CC-203,2447,4192.0,1950.0,10282151.3,4771650.0,5510501.3
20250901,2025-09,PRD-10,CC-202,2888,7756.0,3022.0,22067680.5,8727536.0,13340144.5
20250901,2025-09,PRD-10,CC-203,1896,7756.0,3022.0,15103827.3,5729712.0,9374115.3
20250901,2025-09,PRD-11,CC-202,580,15093.0,5070.0,8957022.9,2940600.0,6016422.9
20250901,2025-09,PRD-11,CC-203,353,15093.0,5070.0,5391786.6,1789710.0,3602076.6
20250901,2025-09,PRD-12,CC-202,4148,3332.0,1550.0,14101436.6,6429400.0,7672036.6
20250901,2025-09,PRD-12,CC-203,2589,3332.0,1550.0,8450113.4,4012950.0,4437163.4
20250901,2025-09,PRD-13,CC-202,2567,6165.0,2402.0,15950922.9,6165934.0,9784988.9
20250901,2025-09,PRD-13,CC-203,1893,6165.0,2402.0,11343447.0,4546986.0,6796461.0
20250901,2025-09,PRD-14,CC-202,4122,4085.0,1900.0,16829089.7,7831800.0,8997289.7
20250901,2025-09,PRD-14,CC-203,2512,4085.0,1900.0,10034100.7,4772800.0,5261300.7
20250901,2025-09,PRD-15,CC-202,2854,7557.0,2945.0,21433081.2,8405030.0,13028051.2
20250901,2025-09,PRD-15,CC-203,1758,7557.0,2945.0,13595066.5,5177310.0,8417756.5
20250901,2025-09,PRD-16,CC-202,4280,3978.0,1850.0,16978218.7,7918000.0,9060218.7
20250901,2025-09,PRD-16,CC-203,2538,3978.0,1850.0,10366437.7,4695300.0,5671137.7
20250901,2025-09,PRD-17,CC-202,3323,7358.0,2868.0,24042380.0,9530364.0,14512016.0
20250901,2025-09,PRD-17,CC-203,1692,7358.0,2868.0,12274263.0,4852656.0,7421607.0
20250901,2025-09,PRD-18,CC-202,4291,5160.0,2400.0,22570419.9,10298400.0,12272019.9
20250901,2025-09,PRD-18,CC-203,2492,5160.0,2400.0,13135265.5,5980800.0,7154465.5
20250901,2025-09,PRD-19,CC-202,2735,9546.0,3720.0,26119658.9,10174200.0,15945458.9
20250901,2025-09,PRD-19,CC-203,1770,9546.0,3720.0,16948115.8,6584400.0,10363715.8
20250901,2025-09,PRD-20,CC-202,600,18576.0,6240.0,10968553.1,3744000.0,7224553.1
20250901,2025-09,PRD-20,CC-203,404,18576.0,6240.0,7641714.2,2520960.0,5120754.2
20250901,2025-09,PRD-21,CC-202,4306,3762.0,1750.0,16068189.1,7535500.0,8532689.1
20250901,2025-09,PRD-21,CC-203,2628,3762.0,1750.0,9690254.8,4599000.0,5091254.8
20250901,2025-09,PRD-22,CC-202,2754,6961.0,2712.0,19275853.0,7468848.0,11807005.0
20250901,2025-09,PRD-22,CC-203,1832,6961.0,2712.0,12576374.0,4968384.0,7607990.0
20250901,2025-09,PRD-23,CC-202,4046,3548.0,1650.0,14420489.4,6675900.0,7744589.4
20250901,2025-09,PRD-23,CC-203,2533,3548.0,1650.0,8803276.3,4179450.0,4623826.3
20250901,2025-09,PRD-24,CC-202,3000,6563.0,2558.0,19848903.0,7674000.0,12174903.0
20250901,2025-09,PRD-24,CC-203,1800,6563.0,2558.0,11751191.9,4604400.0,7146791.9
20250901,2025-09,PRD-25,CC-202,4182,3225.0,1500.0,12963552.8,6273000.0,6690552.8
20250901,2025-09,PRD-25,CC-203,2575,3225.0,1500.0,8368979.1,3862500.0,4506479.1
20250901,2025-09,PRD-26,CC-202,3008,5966.0,2325.0,18117299.2,6993600.0,11123699.2
20250901,2025-09,PRD-26,CC-203,1814,5966.0,2325.0,10583294.8,4217550.0,6365744.8
20250901,2025-09,PRD-27,CC-202,4083,4945.0,2300.0,20126374.2,9390900.0,10735474.2
20250901,2025-09,PRD-27,CC-203,2487,4945.0,2300.0,12254512.0,5720100.0,6534412.0
20250901,2025-09,PRD-28,CC-202,3118,9148.0,3565.0,28619856.7,11115670.0,17504186.7
20250901,2025-09,PRD-28,CC-203,1881,9148.0,3565.0,16687120.3,6705765.0,9981355.3
20250901,2025-09,PRD-29,CC-202,4264,3655.0,1700.0,15061112.7,7248800.0,7812312.7
20250901,2025-09,PRD-29,CC-203,2470,3655.0,1700.0,8740943.5,4199000.0,4541943.5
20250901,2025-09,PRD-30,CC-202,3049,6762.0,2635.0,20419522.2,8034115.0,12385407.2
20250901,2025-09,PRD-30,CC-203,1965,6762.0,2635.0,13009552.7,5177775.0,7831777.7
20250901,2025-09,PRD-31,CC-202,1707,8127.0,3060.0,13551842.8,5223420.0,8328422.8
20250901,2025-09,PRD-31,CC-203,1133,8127.0,3060.0,9274778.6,3466980.0,5807798.6
20250901,2025-09,PRD-32,CC-202,1790,8127.0,3060.0,14590339.2,5477400.0,9112939.2
20250901,2025-09,PRD-32,CC-203,1032,8127.0,3060.0,8243568.5,3157920.0,5085648.5
20250901,2025-09,PRD-33,CC-202,1802,8127.0,3060.0,14684373.8,5514120.0,9170253.8
20250901,2025-09,PRD-33,CC-203,1070,8127.0,3060.0,8618890.4,3274200.0,5344690.4
20250901,2025-09,PRD-34,CC-202,12417,11438.0,4940.0,141205411.3,61339980.0,79865431.3
20250901,2025-09,PRD-34,CC-203,8106,11438.0,4940.0,93387675.8,40043640.0,53344035.8
20250901,2025-09,PRD-35,CC-202,11454,11438.0,4940.0,129755329.2,56582760.0,73172569.2
20250901,2025-09,PRD-35,CC-203,7261,11438.0,4940.0,82308932.9,35869340.0,46439592.9
20250901,2025-09,PRD-36,CC-202,11392,10234.0,4420.0,115887461.5,50352640.0,65534821.5
20250901,2025-09,PRD-36,CC-203,7525,10234.0,4420.0,76387008.3,33260500.0,43126508.3
20251001,2025-10,PRD-01,CC-202,4344,4085.0,1900.0,17988597.7,8253600.0,9734997.7
20251001,2025-10,PRD-01,CC-203,2830,4085.0,1900.0,11263540.8,5377000.0,5886540.8
20251001,2025-10,PRD-02,CC-202,3127,7557.0,2945.0,23581131.8,9209015.0,14372116.8
20251001,2025-10,PRD-02,CC-203,2049,7557.0,2945.0,14933636.1,6034305.0,8899331.1
20251001,2025-10,PRD-03,CC-202,621,14706.0,4940.0,8868015.8,3067740.0,5800275.8
20251001,2025-10,PRD-03,CC-203,409,14706.0,4940.0,6001320.5,2020460.0,3980860.5
20251001,2025-10,PRD-04,CC-202,4500,8170.0,3800.0,37163460.7,17100000.0,20063460.7
20251001,2025-10,PRD-04,CC-203,2657,8170.0,3800.0,21463094.4,10096600.0,11366494.4
20251001,2025-10,PRD-05,CC-202,3132,15114.0,5890.0,46445801.1,18447480.0,27998321.1
20251001,2025-10,PRD-05,CC-203,1836,15114.0,5890.0,26688185.7,10814040.0,15874145.7
20251001,2025-10,PRD-06,CC-202,4511,4408.0,2050.0,20386523.7,9247550.0,11138973.7
20251001,2025-10,PRD-06,CC-203,2722,4408.0,2050.0,12128352.4,5580100.0,6548252.4
20251001,2025-10,PRD-07,CC-202,2989,8154.0,3178.0,24466192.2,9499042.0,14967150.2
20251001,2025-10,PRD-07,CC-203,1845,8154.0,3178.0,15625644.5,5863410.0,9762234.5
20251001,2025-10,PRD-08,CC-202,628,15867.0,5330.0,10070535.7,3347240.0,6723295.7
20251001,2025-10,PRD-08,CC-203,423,15867.0,5330.0,6698103.3,2254590.0,4443513.3
20251001,2025-10,PRD-09,CC-202,4496,4192.0,1950.0,18768696.9,8767200.0,10001496.9
20251001,2025-10,PRD-09,CC-203,2673,4192.0,1950.0,10832808.0,5212350.0,5620458.0
20251001,2025-10,PRD-10,CC-202,3104,7756.0,3022.0,23899719.5,9380288.0,14519431.5
20251001,2025-10,PRD-10,CC-203,1882,7756.0,3022.0,14578346.9,5687404.0,8890942.9
20251001,2025-10,PRD-11,CC-202,659,15093.0,5070.0,9881330.7,3341130.0,6540200.7
20251001,2025-10,PRD-11,CC-203,414,15093.0,5070.0,6382350.8,2098980.0,4283370.8
20251001,2025-10,PRD-12,CC-202,4619,3332.0,1550.0,15721929.3,7159450.0,8562479.3
20251001,2025-10,PRD-12,CC-203,2715,3332.0,1550.0,9353273.8,4208250.0,5145023.8
20251001,2025-10,PRD-13,CC-202,3383,6165.0,2402.0,20607727.0,8125966.0,12481761.0
20251001,2025-10,PRD-13,CC-203,1715,6165.0,2402.0,10811108.3,4119430.0,6691678.3
20251001,2025-10,PRD-14,CC-202,4457,4085.0,1900.0,19031936.5,8468300.0,10563636.5
20251001,2025-10,PRD-14,CC-203,2796,4085.0,1900.0,11171459.7,5312400.0,5859059.7
20251001,2025-10,PRD-15,CC-202,3273,7557.0,2945.0,24927927.1,9638985.0,15288942.1
20251001,2025-10,PRD-15,CC-203,1794,7557.0,2945.0,13402103.6,5283330.0,8118773.6
20251001,2025-10,PRD-16,CC-202,4339,3978.0,1850.0,17083395.3,8027150.0,9056245.3
20251001,2025-10,PRD-16,CC-203,2713,3978.0,1850.0,10801397.6,5019050.0,5782347.6
20251001,2025-10,PRD-17,CC-202,2845,7358.0,2868.0,21452572.4,8159460.0,13293112.4
20251001,2025-10,PRD-17,CC-203,1828,7358.0,2868.0,13604893.8,5242704.0,8362189.8
20251001,2025-10,PRD-18,CC-202,4519,5160.0,2400.0,23548411.8,10845600.0,12702811.8
20251001,2025-10,PRD-18,CC-203,2487,5160.0,2400.0,12901995.2,5968800.0,6933195.2
20251001,2025-10,PRD-19,CC-202,2851,9546.0,3720.0,27348782.6,10605720.0,16743062.6
20251001,2025-10,PRD-19,CC-203,1735,9546.0,3720.0,16723290.4,6454200.0,10269090.4
20251001,2025-10,PRD-20,CC-202,663,18576.0,6240.0,12557603.6,4137120.0,8420483.6
20251001,2025-10,PRD-20,CC-203,386,18576.0,6240.0,7303561.8,2408640.0,4894921.8
20251001,2025-10,PRD-21,CC-202,4489,3762.0,1750.0,16951897.9,7855750.0,9096147.9
20251001,2025-10,PRD-21,CC-203,2635,3762.0,1750.0,10017341.6,4611250.0,5406091.6
20251001,2025-10,PRD-22,CC-202,3253,6961.0,2712.0,22618820.5,8822136.0,13796684.5
20251001,2025-10,PRD-22,CC-203,1898,6961.0,2712.0,13179964.8,5147376.0,8032588.8
20251001,2025-10,PRD-23,CC-202,4299,3548.0,1650.0,15086554.0,7093350.0,7993204.0
20251001,2025-10,PRD-23,CC-203,2645,3548.0,1650.0,9430269.6,4364250.0,5066019.6
20251001,2025-10,PRD-24,CC-202,3082,6563.0,2558.0,19807456.2,7883756.0,11923700.2
20251001,2025-10,PRD-24,CC-203,1882,6563.0,2558.0,12246682.6,4814156.0,7432526.6
20251001,2025-10,PRD-25,CC-202,4337,3225.0,1500.0,13763659.4,6505500.0,7258159.4
20251001,2025-10,PRD-25,CC-203,2446,3225.0,1500.0,8003349.8,3669000.0,4334349.8
20251001,2025-10,PRD-26,CC-202,3101,5966.0,2325.0,18237161.1,7209825.0,11027336.1
20251001,2025-10,PRD-26,CC-203,1930,5966.0,2325.0,11653727.7,4487250.0,7166477.7
20251001,2025-10,PRD-27,CC-202,4348,4945.0,2300.0,21293368.1,10000400.0,11292968.1
20251001,2025-10,PRD-27,CC-203,2578,4945.0,2300.0,12712167.7,5929400.0,6782767.7
20251001,2025-10,PRD-28,CC-202,3198,9148.0,3565.0,29867189.2,11400870.0,18466319.2
20251001,2025-10,PRD-28,CC-203,1828,9148.0,3565.0,16614312.0,6516820.0,10097492.0
20251001,2025-10,PRD-29,CC-202,4862,3655.0,1700.0,17424294.5,8265400.0,9158894.5
20251001,2025-10,PRD-29,CC-203,2534,3655.0,1700.0,9257812.6,4307800.0,4950012.6
20251001,2025-10,PRD-30,CC-202,3106,6762.0,2635.0,20800491.2,8184310.0,12616181.2
20251001,2025-10,PRD-30,CC-203,1879,6762.0,2635.0,12637300.3,4951165.0,7686135.3
20251001,2025-10,PRD-31,CC-202,1857,8127.0,3060.0,15203721.9,5682420.0,9521301.9
20251001,2025-10,PRD-31,CC-203,1135,8127.0,3060.0,9284399.5,3473100.0,5811299.5
20251001,2025-10,PRD-32,CC-202,1998,8127.0,3060.0,16223830.4,6113880.0,10109950.4
20251001,2025-10,PRD-32,CC-203,1149,8127.0,3060.0,9490102.1,3515940.0,5974162.1
20251001,2025-10,PRD-33,CC-202,1980,8127.0,3060.0,15954012.7,6058800.0,9895212.7
20251001,2025-10,PRD-33,CC-203,1207,8127.0,3060.0,9929591.9,3693420.0,6236171.9
20251001,2025-10,PRD-34,CC-202,12456,11438.0,4940.0,144188819.0,61532640.0,82656179.0
20251001,2025-10,PRD-34,CC-203,7513,11438.0,4940.0,86472035.3,37114220.0,49357815.3
20251001,2025-10,PRD-35,CC-202,13639,11438.0,4940.0,155864306.8,67376660.0,88487646.8
20251001,2025-10,PRD-35,CC-203,7193,11438.0,4940.0,81298882.8,35533420.0,45765462.8
20251001,2025-10,PRD-36,CC-202,13797,10234.0,4420.0,138570027.2,60982740.0,77587287.2
20251001,2025-10,PRD-36,CC-203,7812,10234.0,4420.0,81559127.1,34529040.0,47030087.1
20251101,2025-11,PRD-01,CC-202,4136,4085.0,1900.0,16383832.9,7858400.0,8525432.9
20251101,2025-11,PRD-01,CC-203,2563,4085.0,1900.0,10294345.3,4869700.0,5424645.3
20251101,2025-11,PRD-02,CC-202,3073,7557.0,2945.0,22980291.9,9049985.0,13930306.9
20251101,2025-11,PRD-02,CC-203,1785,7557.0,2945.0,13679050.8,5256825.0,8422225.8
20251101,2025-11,PRD-03,CC-202,669,14706.0,4940.0,10343907.2,3304860.0,7039047.2
20251101,2025-11,PRD-03,CC-203,371,14706.0,4940.0,5376099.4,1832740.0,3543359.4
20251101,2025-11,PRD-04,CC-202,4368,8170.0,3800.0,35810841.5,16598400.0,19212441.5
20251101,2025-11,PRD-04,CC-203,2689,8170.0,3800.0,21716852.0,10218200.0,11498652.0
20251101,2025-11,PRD-05,CC-202,3118,15114.0,5890.0,46649200.7,18365020.0,28284180.7
20251101,2025-11,PRD-05,CC-203,1852,15114.0,5890.0,28240612.0,10908280.0,17332332.0
20251101,2025-11,PRD-06,CC-202,4404,4408.0,2050.0,19194087.9,9028200.0,10165887.9
20251101,2025-11,PRD-06,CC-203,2510,4408.0,2050.0,10907141.1,5145500.0,5761641.1
20251101,2025-11,PRD-07,CC-202,2728,8154.0,3178.0,21732048.4,8669584.0,13062464.4
20251101,2025-11,PRD-07,CC-203,1924,8154.0,3178.0,15967674.1,6114472.0,9853202.1
20251101,2025-11,PRD-08,CC-202,678,15867.0,5330.0,11153777.4,3613740.0,7540037.4
20251101,2025-11,PRD-08,CC-203,404,15867.0,5330.0,6460702.2,2153320.0,4307382.2
20251101,2025-11,PRD-09,CC-202,4149,4192.0,1950.0,17379199.0,8090550.0,9288649.0
20251101,2025-11,PRD-09,CC-203,2750,4192.0,1950.0,12026723.6,5362500.0,6664223.6
20251101,2025-11,PRD-10,CC-202,2953,7756.0,3022.0,23398267.0,8923966.0,14474301.0
20251101,2025-11,PRD-10,CC-203,1911,7756.0,3022.0,14364983.6,5775042.0,8589941.6
20251101,2025-11,PRD-11,CC-202,635,15093.0,5070.0,9386704.4,3219450.0,6167254.4
20251101,2025-11,PRD-11,CC-203,401,15093.0,5070.0,5863807.3,2033070.0,3830737.3
20251101,2025-11,PRD-12,CC-202,4334,3332.0,1550.0,14379668.0,6717700.0,7661968.0
20251101,2025-11,PRD-12,CC-203,2631,3332.0,1550.0,8989984.8,4078050.0,4911934.8
20251101,2025-11,PRD-13,CC-202,3124,6165.0,2402.0,19302104.7,7503848.0,11798256.7
20251101,2025-11,PRD-13,CC-203,1753,6165.0,2402.0,10839339.0,4210706.0,6628633.0
20251101,2025-11,PRD-14,CC-202,4218,4085.0,1900.0,17336207.6,8014200.0,9322007.6
20251101,2025-11,PRD-14,CC-203,2765,4085.0,1900.0,11025020.0,5253500.0,5771520.0
20251101,2025-11,PRD-15,CC-202,3021,7557.0,2945.0,22987684.1,8896845.0,14090839.1
20251101,2025-11,PRD-15,CC-203,2026,7557.0,2945.0,15140914.0,5966570.0,9174344.0
20251101,2025-11,PRD-16,CC-202,4010,3978.0,1850.0,16226675.2,7418500.0,8808175.2
20251101,2025-11,PRD-16,CC-203,2573,3978.0,1850.0,9915810.3,4760050.0,5155760.3
20251101,2025-11,PRD-17,CC-202,3174,7358.0,2868.0,22816517.0,9103032.0,13713485.0
20251101,2025-11,PRD-17,CC-203,1903,7358.0,2868.0,14075834.3,5457804.0,8618030.3
20251101,2025-11,PRD-18,CC-202,4434,5160.0,2400.0,24061850.7,10641600.0,13420250.7
20251101,2025-11,PRD-18,CC-203,2725,5160.0,2400.0,14473682.4,6540000.0,7933682.4
20251101,2025-11,PRD-19,CC-202,2824,9546.0,3720.0,26446880.4,10505280.0,15941600.4
20251101,2025-11,PRD-19,CC-203,1829,9546.0,3720.0,17579965.5,6803880.0,10776085.5
20251101,2025-11,PRD-20,CC-202,652,18576.0,6240.0,11888083.1,4068480.0,7819603.1
20251101,2025-11,PRD-20,CC-203,395,18576.0,6240.0,7315804.0,2464800.0,4851004.0
20251101,2025-11,PRD-21,CC-202,4027,3762.0,1750.0,14591210.6,7047250.0,7543960.6
20251101,2025-11,PRD-21,CC-203,2726,3762.0,1750.0,10223351.4,4770500.0,5452851.4
20251101,2025-11,PRD-22,CC-202,3157,6961.0,2712.0,21742564.7,8561784.0,13180780.7
20251101,2025-11,PRD-22,CC-203,1644,6961.0,2712.0,11554571.6,4458528.0,7096043.6
20251101,2025-11,PRD-23,CC-202,4387,3548.0,1650.0,16019028.5,7238550.0,8780478.5
20251101,2025-11,PRD-23,CC-203,2605,3548.0,1650.0,9207745.9,4298250.0,4909495.9
20251101,2025-11,PRD-24,CC-202,2951,6563.0,2558.0,19467061.6,7548658.0,11918403.6
20251101,2025-11,PRD-24,CC-203,1888,6563.0,2558.0,11915729.5,4829504.0,7086225.5
20251101,2025-11,PRD-25,CC-202,4614,3225.0,1500.0,14619579.9,6921000.0,7698579.9
20251101,2025-11,PRD-25,CC-203,2457,3225.0,1500.0,7898746.0,3685500.0,4213246.0
20251101,2025-11,PRD-26,CC-202,3130,5966.0,2325.0,18503278.3,7277250.0,11226028.3
20251101,2025-11,PRD-26,CC-203,1715,5966.0,2325.0,10154421.1,3987375.0,6167046.1
20251101,2025-11,PRD-27,CC-202,3865,4945.0,2300.0,18791241.0,8889500.0,9901741.0
20251101,2025-11,PRD-27,CC-203,2644,4945.0,2300.0,13357566.4,6081200.0,7276366.4
20251101,2025-11,PRD-28,CC-202,2954,9148.0,3565.0,26933240.4,10531010.0,16402230.4
20251101,2025-11,PRD-28,CC-203,1861,9148.0,3565.0,16469406.8,6634465.0,9834941.8
20251101,2025-11,PRD-29,CC-202,4458,3655.0,1700.0,16849806.3,7578600.0,9271206.3
20251101,2025-11,PRD-29,CC-203,2495,3655.0,1700.0,8970312.6,4241500.0,4728812.6
20251101,2025-11,PRD-30,CC-202,2779,6762.0,2635.0,19173543.8,7322665.0,11850878.8
20251101,2025-11,PRD-30,CC-203,1999,6762.0,2635.0,13671284.2,5267365.0,8403919.2
20251101,2025-11,PRD-31,CC-202,1937,8127.0,3060.0,15889992.6,5927220.0,9962772.6
20251101,2025-11,PRD-31,CC-203,1145,8127.0,3060.0,9429773.6,3503700.0,5926073.6
20251101,2025-11,PRD-32,CC-202,1886,8127.0,3060.0,15344597.6,5771160.0,9573437.6
20251101,2025-11,PRD-32,CC-203,1088,8127.0,3060.0,8807926.3,3329280.0,5478646.3
20251101,2025-11,PRD-33,CC-202,1849,8127.0,3060.0,15145118.1,5657940.0,9487178.1
20251101,2025-11,PRD-33,CC-203,1135,8127.0,3060.0,8994871.7,3473100.0,5521771.7
20251101,2025-11,PRD-34,CC-202,12949,11438.0,4940.0,145199099.0,63968060.0,81231039.0
20251101,2025-11,PRD-34,CC-203,8088,11438.0,4940.0,91356926.8,39954720.0,51402206.8
20251101,2025-11,PRD-35,CC-202,12889,11438.0,4940.0,145812345.8,63671660.0,82140685.8
20251101,2025-11,PRD-35,CC-203,7527,11438.0,4940.0,85599990.1,37183380.0,48416610.1
20251101,2025-11,PRD-36,CC-202,11688,10234.0,4420.0,120670775.8,51660960.0,69009815.8
20251101,2025-11,PRD-36,CC-203,8862,10234.0,4420.0,88410993.8,39170040.0,49240953.8
20251201,2025-12,PRD-01,CC-202,3620,4085.0,1900.0,14589377.5,6878000.0,7711377.5
20251201,2025-12,PRD-01,CC-203,1987,4085.0,1900.0,8137420.1,3775300.0,4362120.1
20251201,2025-12,PRD-02,CC-202,2596,7557.0,2945.0,19855428.7,7645220.0,12210208.7
20251201,2025-12,PRD-02,CC-203,1628,7557.0,2945.0,12406437.4,4794460.0,7611977.4
20251201,2025-12,PRD-03,CC-202,494,14706.0,4940.0,7170745.2,2440360.0,4730385.2
20251201,2025-12,PRD-03,CC-203,308,14706.0,4940.0,4427098.0,1521520.0,2905578.0
20251201,2025-12,PRD-04,CC-202,3284,8170.0,3800.0,26741524.8,12479200.0,14262324.8
20251201,2025-12,PRD-04,CC-203,2060,8170.0,3800.0,16545499.4,7828000.0,8717499.4
20251201,2025-12,PRD-05,CC-202,2328,15114.0,5890.0,35442420.6,13711920.0,21730500.6
20251201,2025-12,PRD-05,CC-203,1477,15114.0,5890.0,22458311.3,8699530.0,13758781.3
20251201,2025-12,PRD-06,CC-202,3824,4408.0,2050.0,16434865.7,7839200.0,8595665.7
20251201,2025-12,PRD-06,CC-203,2342,4408.0,2050.0,10392767.4,4801100.0,5591667.4
20251201,2025-12,PRD-07,CC-202,2519,8154.0,3178.0,20524143.9,8005382.0,12518761.9
20251201,2025-12,PRD-07,CC-203,1523,8154.0,3178.0,12408533.2,4840094.0,7568439.2
20251201,2025-12,PRD-08,CC-202,552,15867.0,5330.0,8555102.9,2942160.0,5612942.9
20251201,2025-12,PRD-08,CC-203,307,15867.0,5330.0,4798201.4,1636310.0,3161891.4
20251201,2025-12,PRD-09,CC-202,3510,4192.0,1950.0,14935652.8,6844500.0,8091152.8
20251201,2025-12,PRD-09,CC-203,2015,4192.0,1950.0,8754321.0,3929250.0,4825071.0
20251201,2025-12,PRD-10,CC-202,2670,7756.0,3022.0,20818634.5,8068740.0,12749894.5
20251201,2025-12,PRD-10,CC-203,1516,7756.0,3022.0,12006037.1,4581352.0,7424685.1
20251201,2025-12,PRD-11,CC-202,489,15093.0,5070.0,7258523.8,2479230.0,4779293.8
20251201,2025-12,PRD-11,CC-203,304,15093.0,5070.0,4545824.7,1541280.0,3004544.7
20251201,2025-12,PRD-12,CC-202,3742,3332.0,1550.0,12375418.4,5800100.0,6575318.4
20251201,2025-12,PRD-12,CC-203,2207,3332.0,1550.0,7189026.5,3420850.0,3768176.5
20251201,2025-12,PRD-13,CC-202,2422,6165.0,2402.0,15115403.8,5817644.0,9297759.8
20251201,2025-12,PRD-13,CC-203,1428,6165.0,2402.0,8771277.9,3430056.0,5341221.9
20251201,2025-12,PRD-14,CC-202,3810,4085.0,1900.0,14916963.9,7239000.0,7677963.9
20251201,2025-12,PRD-14,CC-203,2264,4085.0,1900.0,9265802.5,4301600.0,4964202.5
20251201,2025-12,PRD-15,CC-202,2455,7557.0,2945.0,18864697.7,7229975.0,11634722.7
20251201,2025-12,PRD-15,CC-203,1622,7557.0,2945.0,12580004.5,4776790.0,7803214.5
20251201,2025-12,PRD-16,CC-202,3384,3978.0,1850.0,13361925.4,6260400.0,7101525.4
20251201,2025-12,PRD-16,CC-203,2196,3978.0,1850.0,8944516.6,4062600.0,4881916.6
20251201,2025-12,PRD-17,CC-202,2281,7358.0,2868.0,16447903.6,6541908.0,9905995.6
20251201,2025-12,PRD-17,CC-203,1438,7358.0,2868.0,10723853.7,4124184.0,6599669.7
20251201,2025-12,PRD-18,CC-202,3596,5160.0,2400.0,18942067.8,8630400.0,10311667.8
20251201,2025-12,PRD-18,CC-203,2277,5160.0,2400.0,11805999.8,5464800.0,6341199.8
20251201,2025-12,PRD-19,CC-202,2456,9546.0,3720.0,24105583.1,9136320.0,14969263.1
20251201,2025-12,PRD-19,CC-203,1537,9546.0,3720.0,14365614.3,5717640.0,8647974.3
20251201,2025-12,PRD-20,CC-202,518,18576.0,6240.0,9588067.7,3232320.0,6355747.7
20251201,2025-12,PRD-20,CC-203,338,18576.0,6240.0,6342492.4,2109120.0,4233372.4
20251201,2025-12,PRD-21,CC-202,3372,3762.0,1750.0,12874707.7,5901000.0,6973707.7
20251201,2025-12,PRD-21,CC-203,2219,3762.0,1750.0,8357324.9,3883250.0,4474074.9
20251201,2025-12,PRD-22,CC-202,2316,6961.0,2712.0,16573057.3,6280992.0,10292065.3
20251201,2025-12,PRD-22,CC-203,1489,6961.0,2712.0,10556945.9,4038168.0,6518777.9
20251201,2025-12,PRD-23,CC-202,3424,3548.0,1650.0,11975613.2,5649600.0,6326013.2
20251201,2025-12,PRD-23,CC-203,2281,3548.0,1650.0,8141420.3,3763650.0,4377770.3
20251201,2025-12,PRD-24,CC-202,2589,6563.0,2558.0,17012058.7,6622662.0,10389396.7
20251201,2025-12,PRD-24,CC-203,1488,6563.0,2558.0,9436699.5,3806304.0,5630395.5
20251201,2025-12,PRD-25,CC-202,3852,3225.0,1500.0,12290163.0,5778000.0,6512163.0
20251201,2025-12,PRD-25,CC-203,2107,3225.0,1500.0,6744855.3,3160500.0,3584355.3
20251201,2025-12,PRD-26,CC-202,2504,5966.0,2325.0,15146953.5,5821800.0,9325153.5
20251201,2025-12,PRD-26,CC-203,1529,5966.0,2325.0,9119544.3,3554925.0,5564619.3
20251201,2025-12,PRD-27,CC-202,3607,4945.0,2300.0,17809881.5,8296100.0,9513781.5
20251201,2025-12,PRD-27,CC-203,2020,4945.0,2300.0,9981381.8,4646000.0,5335381.8
20251201,2025-12,PRD-28,CC-202,2353,9148.0,3565.0,20628349.8,8388445.0,12239904.8
20251201,2025-12,PRD-28,CC-203,1599,9148.0,3565.0,14814842.1,5700435.0,9114407.1
20251201,2025-12,PRD-29,CC-202,3455,3655.0,1700.0,12317230.2,5873500.0,6443730.2
20251201,2025-12,PRD-29,CC-203,2109,3655.0,1700.0,7811153.9,3585300.0,4225853.9
20251201,2025-12,PRD-30,CC-202,2518,6762.0,2635.0,16609327.5,6634930.0,9974397.5
20251201,2025-12,PRD-30,CC-203,1279,6762.0,2635.0,8886651.5,3370165.0,5516486.5
20251201,2025-12,PRD-31,CC-202,1409,8127.0,3060.0,11575857.4,4311540.0,7264317.4
20251201,2025-12,PRD-31,CC-203,990,8127.0,3060.0,8039300.5,3029400.0,5009900.5
20251201,2025-12,PRD-32,CC-202,1455,8127.0,3060.0,11716751.7,4452300.0,7264451.7
20251201,2025-12,PRD-32,CC-203,896,8127.0,3060.0,7253385.0,2741760.0,4511625.0
20251201,2025-12,PRD-33,CC-202,1469,8127.0,3060.0,11653407.6,4495140.0,7158267.6
20251201,2025-12,PRD-33,CC-203,938,8127.0,3060.0,7417712.6,2870280.0,4547432.6
20251201,2025-12,PRD-34,CC-202,11031,11438.0,4940.0,123278604.1,54493140.0,68785464.1
20251201,2025-12,PRD-34,CC-203,6540,11438.0,4940.0,74525450.6,32307600.0,42217850.6
20251201,2025-12,PRD-35,CC-202,11209,11438.0,4940.0,128466342.9,55372460.0,73093882.9
20251201,2025-12,PRD-35,CC-203,6273,11438.0,4940.0,70749988.6,30988620.0,39761368.6
20251201,2025-12,PRD-36,CC-202,10944,10234.0,4420.0,114117709.8,48372480.0,65745229.8
20251201,2025-12,PRD-36,CC-203,6390,10234.0,4420.0,65072014.8,28243800.0,36828214.8
